,open,high,low,close,adj close,volume
2025-10-15 13:30:00+00:00,,,,,,
2025-10-15 14:30:00+00:00,,,,,,
2025-10-15 15:30:00+00:00,,,,,,
2025-10-15 16:30:00+00:00,,,,,,
2025-10-15 17:30:00+00:00,,,,,,
2025-10-15 18:30:00+00:00,,,,,,
2025-10-15 19:30:00+00:00,,,,,,
2025-10-16 13:30:00+00:00,,,,,,
2025-10-16 14:30:00+00:00,,,,,,
2025-10-16 15:30:00+00:00,,,,,,
2025-10-16 16:30:00+00:00,,,,,,
2025-10-16 17:30:00+00:00,,,,,,
2025-10-16 18:30:00+00:00,,,,,,
2025-10-16 19:30:00+00:00,,,,,,
2025-10-17 13:30:00+00:00,,,,,,
2025-10-17 14:30:00+00:00,,,,,,
2025-10-17 15:30:00+00:00,,,,,,
2025-10-17 16:30:00+00:00,,,,,,
2025-10-17 17:30:00+00:00,,,,,,
2025-10-17 18:30:00+00:00,,,,,,
2025-10-17 19:30:00+00:00,,,,,,
2025-10-20 13:30:00+00:00,,,,,,
2025-10-20 14:30:00+00:00,,,,,,
2025-10-20 15:30:00+00:00,,,,,,
2025-10-20 16:30:00+00:00,,,,,,
2025-10-20 17:30:00+00:00,,,,,,
2025-10-20 18:30:00+00:00,,,,,,
2025-10-20 19:30:00+00:00,,,,,,
2025-10-21 13:30:00+00:00,,,,,,
2025-10-21 14:30:00+00:00,,,,,,
2025-10-21 15:30:00+00:00,,,,,,
2025-10-21 16:30:00+00:00,,,,,,
2025-10-21 17:30:00+00:00,,,,,,
2025-10-21 18:30:00+00:00,,,,,,
2025-10-21 19:30:00+00:00,,,,,,
2025-10-22 13:30:00+00:00,,,,,,
2025-10-22 14:30:00+00:00,,,,,,
2025-10-22 15:30:00+00:00,,,,,,
2025-10-22 16:30:00+00:00,,,,,,
2025-10-22 17:30:00+00:00,,,,,,
2025-10-22 18:30:00+00:00,,,,,,
2025-10-22 19:30:00+00:00,,,,,,
2025-10-23 13:30:00+00:00,,,,,,
2025-10-23 14:30:00+00:00,,,,,,
2025-10-23 15:30:00+00:00,,,,,,
2025-10-23 16:30:00+00:00,,,,,,
2025-10-23 17:30:00+00:00,,,,,,
2025-10-23 18:30:00+00:00,,,,,,
2025-10-23 19:30:00+00:00,,,,,,
2025-10-24 13:30:00+00:00,,,,,,
2025-10-24 14:30:00+00:00,,,,,,
2025-10-24 15:30:00+00:00,,,,,,
2025-10-24 16:30:00+00:00,,,,,,
2025-10-24 17:30:00+00:00,,,,,,
2025-10-24 18:30:00+00:00,,,,,,
2025-10-24 19:30:00+00:00,,,,,,
2025-10-27 13:30:00+00:00,,,,,,
2025-10-27 14:30:00+00:00,,,,,,
2025-10-27 15:30:00+00:00,,,,,,
2025-10-27 16:30:00+00:00,,,,,,
2025-10-27 17:30:00+00:00,,,,,,
2025-10-27 18:30:00+00:00,,,,,,
2025-10-27 19:30:00+00:00,,,,,,
2025-10-28 13:30:00+00:00,,,,,,
2025-10-28 14:30:00+00:00,,,,,,
2025-10-28 15:30:00+00:00,,,,,,
2025-10-28 16:30:00+00:00,,,,,,
2025-10-28 17:30:00+00:00,,,,,,
2025-10-28 18:30:00+00:00,,,,,,
2025-10-28 19:30:00+00:00,,,,,,
2025-10-29 13:30:00+00:00,,,,,,
2025-10-29 14:30:00+00:00,,,,,,
2025-10-29 15:30:00+00:00,,,,,,
2025-10-29 16:30:00+00:00,,,,,,
2025-10-29 17:30:00+00:00,,,,,,
2025-10-29 18:30:00+00:00,,,,,,
2025-10-29 19:30:00+00:00,,,,,,
2025-10-30 13:30:00+00:00,,,,,,
2025-10-30 14:30:00+00:00,,,,,,
2025-10-30 15:30:00+00:00,,,,,,
2025-10-30 16:30:00+00:00,,,,,,
2025-10-30 17:30:00+00:00,,,,,,
2025-10-30 18:30:00+00:00,,,,,,
2025-10-30 19:30:00+00:00,,,,,,
2025-10-31 13:30:00+00:00,,,,,,
2025-10-31 14:30:00+00:00,,,,,,
2025-10-31 15:30:00+00:00,,,,,,
2025-10-31 16:30:00+00:00,,,,,,
2025-10-31 17:30:00+00:00,,,,,,
2025-10-31 18:30:00+00:00,,,,,,
2025-10-31 19:30:00+00:00,,,,,,
2025-11-03 14:30:00+00:00,,,,,,
2025-11-03 15:30:00+00:00,,,,,,
2025-11-03 16:30:00+00:00,,,,,,
2025-11-03 17:30:00+00:00,,,,,,
2025-11-03 18:30:00+00:00,,,,,,
2025-11-03 19:30:00+00:00,,,,,,
2025-11-03 20:30:00+00:00,,,,,,
2025-11-04 14:30:00+00:00,,,,,,
2025-11-04 15:30:00+00:00,,,,,,
2025-11-04 16:30:00+00:00,,,,,,
2025-11-04 17:30:00+00:00,,,,,,
2025-11-04 18:30:00+00:00,,,,,,
2025-11-04 19:30:00+00:00,,,,,,
2025-11-04 20:30:00+00:00,,,,,,
2025-11-05 14:30:00+00:00,,,,,,
2025-11-05 15:30:00+00:00,,,,,,
2025-11-05 16:30:00+00:00,,,,,,
2025-11-05 17:30:00+00:00,,,,,,
2025-11-05 18:30:00+00:00,,,,,,
2025-11-05 19:30:00+00:00,,,,,,
2025-11-05 20:30:00+00:00,,,,,,
2025-11-06 14:30:00+00:00,,,,,,
2025-11-06 15:30:00+00:00,,,,,,
2025-11-06 16:30:00+00:00,,,,,,
2025-11-06 17:30:00+00:00,,,,,,
2025-11-06 18:30:00+00:00,,,,,,
2025-11-06 19:30:00+00:00,,,,,,
2025-11-06 20:30:00+00:00,,,,,,
