Date,Close,High,Low,Open,Volume,SMA_20,SMA_50,RSI_14,google_trend_score,Target
2022-01-21,64.51000213623047,67.16000366210938,60.5099983215332,63.8650016784668,19344700,88.2400001525879,105.98760009765624,35.58110779927995,47,0
2022-01-24,63.900001525878906,64.30000305175781,55.09999847412109,60.11000061035156,24115900,86.59300041198732,105.25100006103514,35.216060244399145,62,0
2022-01-25,59.61000061035156,61.93000030517578,58.0,61.10499954223633,16557200,84.21900062561036,103.9834001159668,32.67694059892051,62,1
2022-01-26,60.27000045776367,68.06999969482422,59.0099983215332,62.34999847412109,23694100,82.08900051116943,102.5898001861572,33.47167157862073,62,0
2022-01-27,53.93999862670898,61.70000076293945,53.33100128173828,61.33000183105469,23416400,79.81900062561036,100.68140014648436,29.83408226089167,62,1
2022-01-28,57.119998931884766,57.29999923706055,50.0,53.59999847412109,23965100,77.50400066375732,98.38360023498534,33.73043607225263,62,1
2022-01-31,65.73999786376953,65.93000030517578,57.91999816894531,58.650001525878906,18684900,75.60650043487549,96.77700004577636,42.9745562646371,56,1
2022-02-01,69.62000274658203,71.45999908447266,62.34999847412109,67.27999877929688,24476500,73.95150051116944,95.70180015563965,46.58627623330461,56,0
2022-02-02,64.31999969482422,69.9000015258789,63.54999923706055,69.38999938964844,15610300,72.09800052642822,94.4162000274658,42.61578350170488,56,0
2022-02-03,60.36000061035156,63.91899871826172,59.0,60.82699966430664,19776300,70.61550045013428,93.2612000274658,39.88080466898592,56,1
2022-02-04,60.869998931884766,62.77999877929688,59.11000061035156,62.06499862670898,14588500,69.29250030517578,92.08160003662108,40.41120821206637,56,0
2022-02-07,58.36000061035156,63.83000183105469,57.52000045776367,60.875,14782000,67.89650039672851,90.9518000793457,38.60595977029874,43,1
2022-02-08,60.95000076293945,61.540000915527344,56.43999862670898,58.08000183105469,12079200,66.87200031280517,89.92820014953614,41.50952338742327,43,1
2022-02-09,64.52999877929688,65.12000274658203,60.75,61.86000061035156,13343700,65.92100009918212,88.82340019226075,45.35643192614457,43,1
2022-02-10,64.72000122070312,68.9800033569336,60.65999984741211,61.45500183105469,17665400,64.8329999923706,87.7226001739502,45.56107512655223,43,0
2022-02-11,58.84999847412109,66.4000015258789,57.70000076293945,64.5,15293400,63.76000003814697,86.5858000946045,40.513096429879056,43,1
2022-02-14,62.650001525878906,66.4000015258789,59.900001525878906,60.36000061035156,26874500,62.8950002670288,85.62340019226075,44.7785177349316,47,1
2022-02-15,66.29000091552734,67.18000030517578,63.880001068115234,65.80000305175781,16267400,62.5515001296997,84.85580024719239,48.58180758404892,47,0
2022-02-16,66.25,66.43000030517578,63.34000015258789,65.37000274658203,12768300,62.39400005340576,83.84520027160646,48.542241370214185,47,0
2022-02-17,64.73999786376953,71.5,64.12999725341797,64.68499755859375,22387700,62.38000011444091,82.81640022277833,46.986573392761976,47,1
2022-02-18,66.37000274658203,66.9000015258789,63.0099983215332,65.77300262451172,14965900,62.47300014495849,81.70140022277832,48.890688269891264,47,0
2022-02-22,62.38999938964844,69.0999984741211,59.7599983215332,65.25,22737000,62.397500038146966,80.64120018005372,44.671605481729664,37,0
2022-02-23,57.52999877929688,63.5,57.04999923706055,63.42699813842773,22637000,62.29349994659424,79.49860008239746,40.11881597011544,37,1
2022-02-24,63.709999084472656,64.43000030517578,53.5,54.2400016784668,24082200,62.46549987792969,78.39480003356933,47.4526886599643,37,0
2022-02-25,63.43000030517578,63.9900016784668,60.810001373291016,63.34999847412109,13455200,62.93999996185302,77.32060005187986,47.17080583971234,37,1
2022-02-28,67.55999755859375,68.1500015258789,62.400001525878906,63.4900016784668,19270200,63.46199989318848,76.37180000305173,51.725927972189176,59,0
2022-03-01,61.90999984741211,66.54000091552734,60.79999923706055,65.43000030517578,17204100,63.27049999237061,75.43259994506833,45.895751297509705,59,0
2022-03-02,53.560001373291016,59.13999938964844,53.29999923706055,59.1349983215332,36559800,62.46749992370604,74.54980003356931,38.914848696306926,59,0
2022-03-03,50.90999984741211,56.0,50.02000045776367,54.36000061035156,28535500,61.79699993133545,73.76839996337888,36.99180551811207,59,0
2022-03-04,47.38999938964844,51.40999984741211,46.65999984741211,51.0099983215332,24392200,61.1484998703003,72.77979995727536,34.54951709818332,59,0
2022-03-07,42.43000030517578,49.43999862670898,42.27999877929688,48.0,22985200,60.22649993896485,71.70160003662107,31.40328958262052,80,0
2022-03-08,42.209999084472656,45.060001373291016,39.86000061035156,41.88999938964844,25165000,59.4189998626709,70.60900009155272,31.26728096169307,80,1
2022-03-09,43.95000076293945,46.25,42.68999862670898,43.38999938964844,15784700,58.5689998626709,69.3462001800537,33.71257832753357,80,0
2022-03-10,41.15999984741211,44.18999862670898,39.77000045776367,44.10499954223633,31481100,57.40049991607666,68.11200012207031,31.761356863688075,80,0
2022-03-11,38.04999923706055,41.0,37.5,38.31999969482422,42597900,56.06699981689453,66.8862001800537,29.69796328795153,80,0
2022-03-14,35.83000183105469,37.7400016784668,34.900001525878906,37.7400016784668,20756400,54.91599998474121,65.5344002532959,28.285356280975112,53,1
2022-03-15,37.0,37.31999969482422,33.459999084472656,35.66999816894531,19671300,53.63349990844726,64.20060020446778,30.170527707769008,53,1
2022-03-16,41.58000183105469,42.09999847412109,37.650001525878906,38.5,23752200,52.39799995422364,62.977800216674815,37.13686058000392,53,1
2022-03-17,42.130001068115234,42.75,38.52000045776367,40.84000015258789,17167200,51.1920000076294,61.79260025024415,37.93757076345994,53,1
2022-03-18,45.59999847412109,45.70000076293945,42.33200073242188,42.61000061035156,19770600,50.23500003814697,60.90440017700197,42.88082511608336,53,0
2022-03-21,43.560001373291016,46.54999923706055,42.310001373291016,45.63999938964844,13227000,49.09449996948243,60.02900016784669,40.82225230345461,44,1
2022-03-22,46.93000030517578,48.29999923706055,43.130001068115234,43.650001525878906,13110500,48.3215000152588,59.242000198364266,45.478694755799154,44,0
2022-03-23,45.869998931884766,48.0,44.630001068115234,46.470001220703125,12025100,47.7385000228882,58.530600128173845,44.29799035913469,44,1
2022-03-24,48.65999984741211,48.70000076293945,44.59999847412109,46.25,12804900,46.98600006103516,57.832800064086925,48.11610006529918,44,0
2022-03-25,46.15999984741211,49.09999847412109,45.22999954223633,48.869998931884766,10825100,46.12250003814698,57.0263999938965,45.13091007787955,44,0
2022-03-28,45.97999954223633,48.165000915527344,44.0,46.834999084472656,11018400,45.043500137329104,56.33980003356934,44.914842623486585,41,1
2022-03-29,53.880001068115234,54.83000183105469,46.61000061035156,47.36000061035156,26325300,44.64200019836426,55.81840011596681,55.07960914447151,41,0
2022-03-30,52.0099983215332,56.7599983215332,51.810001373291016,52.73500061035156,20271700,44.56450004577637,55.39540000915528,52.60509263670215,41,0
2022-03-31,50.2400016784668,51.93000030517578,49.54999923706055,51.89500045776367,12740900,44.5310001373291,55.01220001220704,50.30155253665029,41,0
2022-04-01,46.43999862670898,50.2599983215332,46.209999084472656,50.18000030517578,15244400,44.48350009918212,54.640600051879886,45.67707708436283,41,1
2022-04-04,46.52999877929688,47.69499969482422,45.650001525878906,46.79999923706055,15532900,44.68850002288818,54.28099998474121,45.80416112522644,37,0
2022-04-05,42.18999862670898,46.880001068115234,41.88999938964844,46.52999877929688,19576500,44.6875,53.84679992675781,40.842252583147314,37,0
2022-04-06,40.09999847412109,43.34999847412109,39.57099914550781,43.29999923706055,22212700,44.49499988555908,53.4565998840332,38.66976827892235,37,0
2022-04-07,39.97999954223633,40.5,37.59999847412109,40.36000061035156,19428600,44.43599987030029,53.05079986572266,38.543000690270624,37,0
2022-04-08,38.79999923706055,41.04100036621094,38.30899810791016,39.4900016784668,10675700,44.47349987030029,52.74799987792969,37.249845756657606,37,1
2022-04-11,39.5,41.93999862670898,37.150001525878906,37.84000015258789,14206700,44.656999778747554,52.39559989929199,38.56661763366291,27,0
2022-04-12,38.150001525878906,41.9900016784668,37.66999816894531,40.22999954223633,14264500,44.714499855041495,51.84379997253418,36.95597263161479,27,1
2022-04-13,41.150001525878906,41.27000045776367,37.310001373291016,38.30500030517578,14068100,44.69299983978271,51.27439994812012,42.68438045138473,27,0
2022-04-14,40.59000015258789,41.900001525878906,40.209999084472656,40.25,9206100,44.61599979400635,50.79979995727538,41.918695243576224,27,0
2022-04-18,38.22999954223633,40.63999938964844,37.31999969482422,40.02000045776367,12841600,44.24749984741212,50.35719993591308,38.76292402126524,37,1
2022-04-19,39.150001525878906,39.77000045776367,36.65999984741211,38.18999862670898,11382200,44.02699985504151,49.92279998779297,40.63904134192513,37,0
2022-04-20,36.22999954223633,39.45000076293945,36.119998931884766,38.970001220703125,12648500,43.49199981689453,49.48019996643066,36.7867748104044,37,0
2022-04-21,33.7599983215332,37.9900016784668,33.380001068115234,37.18999862670898,21534500,42.88649978637696,48.93639991760254,33.862670986283256,37,0
2022-04-22,33.61000061035156,34.67399978637695,32.400001525878906,33.779998779296875,12670200,42.133999824523926,48.31799995422363,33.68754821279543,37,1
2022-04-25,33.900001525878906,34.849998474121094,33.04999923706055,33.369998931884766,12433700,41.52099990844727,47.70159996032715,34.3939708190284,39,0
2022-04-26,30.68000030517578,33.79999923706055,30.57999992370605,33.5099983215332,18830000,40.75599994659424,47.138199996948245,30.50780112575422,39,1
2022-04-27,31.21999931335449,32.83000183105469,30.75,31.920000076293945,15143700,39.62299985885621,46.50959995269776,31.897510663575424,39,1
2022-04-28,32.18000030517578,32.334999084472656,29.440000534057617,31.56999969482422,17179300,38.631499958038326,45.827399940490736,34.40880117613225,39,0
2022-04-29,30.239999771118164,33.779998779296875,30.100000381469727,32.27000045776367,12877400,37.63149986267089,45.10719993591309,31.85260720484364,39,1
2022-05-02,31.739999771118164,31.8799991607666,29.31999969482422,29.940000534057617,13888900,36.89649991989136,44.44719997406006,35.82252043438104,35,1
2022-05-03,31.989999771118164,33.630001068115234,31.1200008392334,31.450000762939453,14738500,36.16949996948242,43.75959991455078,36.48661581030746,35,1
2022-05-04,33.91999816894531,34.275001525878906,30.549999237060547,31.600000381469727,16040800,35.75599994659424,43.190199890136725,41.51783100978623,35,0
2022-05-05,30.709999084472656,33.27000045776367,30.07999992370605,33.04999923706055,15878300,35.28649997711181,42.65379989624024,36.3589905165932,35,0
2022-05-06,28.790000915527344,31.045000076293945,28.709999084472656,30.8700008392334,20691000,34.72700004577637,41.955399932861326,33.66453709957639,35,0
2022-05-09,22.780000686645508,25.82900047302246,22.450000762939453,25.0,84388400,33.92600011825562,41.14239994049072,26.935632161636835,96,1
2022-05-10,22.790000915527344,24.39999961853028,21.0,23.8700008392334,33317000,33.09050016403199,40.2470000076294,26.96179241750381,96,0
2022-05-11,20.600000381469727,23.5,19.25,22.905000686645508,53073500,32.21300010681153,39.42080001831055,24.86237884674894,96,1
2022-05-12,24.299999237060547,26.700000762939453,21.68000030517578,22.190000534057617,73921500,31.370499992370604,38.83559997558594,34.186469373858365,96,1
2022-05-13,26.700000762939453,27.979999542236328,26.170000076293945,26.96999931335449,42674900,30.676000022888186,38.35139999389648,39.43641968413103,96,0
2022-05-16,24.86000061035156,26.999000549316406,24.32999992370605,26.46999931335449,32135000,30.007500076293947,37.90080001831056,36.999575453844784,54,1
2022-05-17,27.489999771118164,27.8700008392334,25.7189998626709,25.850000381469727,26958800,29.424499988555908,37.60200000762939,42.471450222903634,54,0
2022-05-18,27.290000915527344,29.21999931335449,26.309999465942383,27.165000915527344,26828100,28.97750005722046,37.30360004425049,42.17148688950213,54,1
2022-05-19,29.61000061035156,30.40999984741211,27.450000762939453,27.825000762939453,29571900,28.77000017166138,37.016800041198735,46.8600257573524,54,0
2022-05-20,28.920000076293945,30.64999961853028,27.280000686645508,30.299999237060547,22757600,28.535500144958498,36.77200004577636,45.67395580261945,54,0
2022-05-23,27.989999771118164,28.61000061035156,26.700000762939453,28.61000061035156,21521800,28.240000057220463,36.57080005645752,44.0554086244046,41,0
2022-05-24,26.530000686645508,27.5,25.540000915527344,27.38500022888184,19068400,28.03250007629395,36.38480003356933,41.56517266376561,41,1
2022-05-25,27.25,27.725000381469727,25.71999931335449,26.38999938964844,15742100,27.834000110626224,36.18980003356933,43.26823956661992,41,1
2022-05-26,29.229999542236328,29.920000076293945,27.08099937438965,27.229999542236328,14536300,27.68650007247925,35.94279998779297,47.77587521965568,41,1
2022-05-27,30.959999084472656,31.82099914550781,29.57999992370605,29.59000015258789,17473200,27.72250003814698,35.71939994812013,51.408717072953806,41,1
2022-05-31,31.39999961853028,32.599998474121094,30.09000015258789,32.345001220703125,21305700,27.705500030517587,35.4353999710083,52.31722504483201,32,0
2022-06-01,30.25,32.220001220703125,29.950000762939453,31.64999961853028,13533300,27.618500041961678,35.16919994354248,49.70163183719232,32,1
2022-06-02,31.940000534057617,32.790000915527344,29.15999984741211,29.38999938964844,15150700,27.51950016021729,34.86939994812012,53.38956062255695,32,0
2022-06-03,30.190000534057617,31.459999084472656,29.87700080871582,30.850000381469727,13756000,27.493500232696537,34.55579998016357,49.35414600789144,32,0
2022-06-06,28.979999542236328,31.0,28.674999237060547,30.850000381469727,14661700,27.503000164031985,34.16219997406006,46.72443379094088,31,1
2022-06-07,29.71999931335449,29.76000022888184,27.39999961853028,28.600000381469727,17555100,27.85000009536743,33.83339996337891,48.53062618650039,31,1
2022-06-08,29.799999237060547,31.420000076293945,29.6299991607666,29.690000534057617,12660200,28.20050001144409,33.5097999572754,48.73298245361335,31,0
2022-06-09,28.8700008392334,30.209999084472656,28.729999542236328,29.5,10777800,28.614000034332275,33.009599952697755,46.44685018804255,31,0
2022-06-10,28.36000061035156,29.63999938964844,27.709999084472656,28.32999992370605,14376000,28.817000102996825,32.536599998474124,45.19474965267112,31,0
2022-06-13,26.809999465942383,27.8700008392334,26.371000289916992,27.15999984741211,19542300,28.822500038146973,32.06799995422364,41.530411850292886,29,1
2022-06-14,27.299999237060547,28.68000030517578,26.025999069213867,26.690000534057617,16104400,28.944499969482425,31.685199966430662,43.10099428824301,29,1
2022-06-15,29.07999992370605,29.559999465942383,27.13999938964844,27.18000030517578,18559600,29.023999977111817,31.33619998931885,48.511635939730674,29,0
2022-06-16,26.420000076293945,28.89999961853028,25.799999237060547,27.950000762939453,22035100,28.980499935150146,31.02080001831055,42.07300218285896,29,0
2022-06-17,26.239999771118164,27.170000076293945,25.59000015258789,26.545000076293945,19308400,28.811999893188474,30.74360004425049,41.66996303673055,29,1
2022-06-21,29.06999969482422,30.36000061035156,26.979999542236328,26.979999542236328,25618100,28.81949987411499,30.52540004730224,49.81052273316529,23,0
2022-06-22,28.559999465942383,29.979999542236328,28.229999542236328,28.350000381469727,16135200,28.8479998588562,30.32060005187988,48.4969766627159,23,1
2022-06-23,29.46999931335449,29.64999961853028,27.790000915527344,28.86000061035156,14175600,28.99499979019165,30.12000003814697,50.980938036944,23,1
2022-06-24,29.5,30.700000762939453,28.86000061035156,29.68000030517578,22063500,29.10749979019165,29.947000007629395,51.06473121285144,23,0
2022-06-27,28.440000534057617,30.14999961853028,28.01000022888184,29.56999969482422,11869900,29.06799983978272,29.69279998779297,47.94615356339328,19,0
2022-06-28,26.989999771118164,28.815000534057617,26.86100006103516,28.11000061035156,14406600,28.869499874114997,29.420799980163576,43.98863245473104,19,0
2022-06-29,26.270000457763672,26.979999542236328,25.65999984741211,26.530000686645508,10857700,28.612999916076664,29.18159999847412,42.12911467358524,19,0
2022-06-30,25.739999771118164,26.43000030517578,24.82999992370605,25.93000030517578,11633000,28.387499904632577,28.913399963378907,40.76309772311347,19,0
2022-07-01,25.700000762939453,26.780000686645508,25.295000076293945,25.90999984741211,8544400,28.075499916076662,28.702799987792968,40.655956792174166,19,1
2022-07-05,26.86000061035156,26.940000534057617,24.479999542236328,25.18000030517578,10455700,27.908999919891365,28.56480003356933,45.15785873697134,32,1
2022-07-06,29.65999984741211,30.600000381469727,28.0,28.0,36729400,27.94299993515015,28.48580001831055,54.19127056251397,32,1
2022-07-07,31.6299991607666,31.770000457763672,29.65999984741211,30.0,25560900,28.03849992752076,28.440399971008304,59.27405219844542,32,1
2022-07-08,31.989999771118164,33.20000076293945,30.559999465942383,31.424999237060547,20009700,28.147999954223632,28.46659996032715,60.14434423725236,32,0
2022-07-11,29.93000030517578,32.70000076293945,29.46999931335449,32.349998474121094,18678900,28.20099992752075,28.44079998016358,53.14574871925804,30,1
2022-07-12,30.14999961853028,30.59000015258789,28.950000762939453,29.729999542236328,15862000,28.29049987792969,28.400199966430662,53.764520314109504,30,1
2022-07-13,30.76000022888184,31.3700008392334,29.309999465942383,29.5,12542900,28.48799991607666,28.41059997558594,55.51861602011449,30,1
2022-07-14,30.82999992370605,30.959999084472656,29.39999961853028,30.540000915527344,10947200,28.66449995040894,28.3923999786377,55.72619117163706,30,1
2022-07-15,31.600000381469727,31.6299991607666,29.90999984741211,31.049999237060547,13762700,28.790499973297123,28.384599990844727,58.04548259641083,30,1
2022-07-18,31.799999237060547,33.58000183105469,31.700000762939453,32.45000076293945,13577000,29.059499931335456,28.342200012207037,58.651368416718974,34,0
2022-07-19,31.709999084472656,32.7400016784668,31.582000732421875,32.220001220703125,16245000,29.332999897003177,28.36220001220704,58.24374253537517,34,1
2022-07-20,32.7400016784668,33.29999923706055,31.788000106811523,31.88999938964844,17831400,29.516499996185303,28.44120002746583,61.53826329263679,34,1
2022-07-21,34.130001068115234,34.75,32.70000076293945,32.779998779296875,24446800,29.795000076293952,28.66820003509522,65.49480821910723,34,0
2022-07-22,32.47999954223633,35.40999984741211,32.0,35.119998931884766,16935800,29.945500087738036,28.8620000076294,57.88292526227611,34,0
2022-07-25,32.16999816894531,32.81999969482422,31.200000762939453,32.70000076293945,9878500,30.078999996185303,29.093399963378918,56.5530670326431,32,0
2022-07-26,31.690000534057617,31.81999969482422,30.86000061035156,31.333999633789062,7838700,30.2414999961853,29.24119998931885,54.46644371214133,32,1
2022-07-27,32.0099983215332,32.3650016784668,31.01000022888184,32.16999816894531,10371200,30.492499923706056,29.34739994049073,55.64149640590443,32,1
2022-07-28,33.845001220703125,33.90999984741211,31.89999961853028,32.79999923706055,11384200,30.871249961853028,29.527099952697764,61.739054320799454,32,1
2022-07-29,34.29999923706055,34.3650016784668,32.939998626708984,33.275001525878906,12381200,31.299249935150144,29.66329994201661,63.09373391009203,32,1
2022-08-01,34.810001373291016,35.47999954223633,33.834999084472656,34.29999923706055,12399100,31.754749965667727,29.813699951171888,64.60643250065903,28,1
2022-08-02,35.0099983215332,35.55500030517578,34.0,34.18000030517578,13829400,32.16224985122681,29.92169990539552,65.20865853325417,28,1
2022-08-03,36.59000015258789,36.790000915527344,34.47999954223633,35.439998626708984,14243800,32.508749866485594,30.0750999069214,69.60822740949847,28,0
2022-08-04,36.18000030517578,37.290000915527344,35.619998931884766,36.0,12410200,32.736249923706055,30.238899917602552,67.23232887300688,28,0
2022-08-05,35.66999816894531,36.310001373291016,35.10499954223633,36.09000015258789,12314100,32.92024984359742,30.42169986724854,64.29263877195993,28,1
2022-08-08,38.09000015258789,39.290000915527344,36.060001373291016,36.560001373291016,16294800,33.32824983596802,30.6384998703003,70.81385426496016,56,0
2022-08-09,36.70000076293945,38.09000015258789,36.27999877929688,37.7400016784668,12904500,33.655749893188485,30.787899894714364,63.62615281583498,56,1
2022-08-10,37.400001525878906,38.2599983215332,36.77099990844727,38.18999862670898,15370300,33.987749958038336,30.916699943542486,65.52398349986984,56,1
2022-08-11,38.95000076293945,39.95000076293945,37.75,38.60499954223633,35949100,34.393750000000004,31.067699966430663,69.33881075042665,56,0
2022-08-12,38.900001525878906,40.560001373291016,37.29999923706055,39.72999954223633,39044000,34.75875005722046,31.240699996948244,69.07329849710837,56,0
2022-08-15,37.27999877929688,39.290000915527344,36.459999084472656,37.2400016784668,21310400,35.03275003433228,31.347499961853025,60.932049746962825,32,1
2022-08-16,38.22999954223633,38.64500045776367,35.849998474121094,36.959999084472656,17280500,35.35875005722046,31.508299942016603,63.63858965564328,32,0
2022-08-17,36.41999816894531,38.130001068115234,36.26499938964844,37.650001525878906,11716100,35.542749881744385,31.65709991455078,55.71845590984533,32,0
2022-08-18,35.900001525878906,36.70000076293945,35.0099983215332,36.459999084472656,8882200,35.63124990463257,31.78069995880127,53.65255862027281,32,0
2022-08-19,34.45000076293945,35.08000183105469,33.77000045776367,34.959999084472656,10999200,35.72974996566773,31.873699989318848,48.277237226884,32,0
2022-08-22,33.060001373291016,34.064998626708984,32.900001525878906,33.25,11006300,35.77425012588502,31.9575,43.75198470515701,23,0
2022-08-23,32.209999084472656,33.59000015258789,31.96999931335449,33.18000030517578,9766800,35.80025005340577,32.034499969482425,41.208233804615226,23,1
2022-08-24,32.560001373291016,33.720001220703125,32.43000030517578,32.470001220703125,9434100,35.82775020599365,32.1495000076294,42.685891486863405,23,1
2022-08-25,32.900001525878906,33.369998931884766,32.58100128173828,32.88999938964844,8968400,35.78050022125244,32.26150005340576,44.15427721855006,23,0
2022-08-26,32.11000061035156,33.86000061035156,31.440000534057617,32.81999969482422,10728700,35.67100028991699,32.32210006713867,41.4941716092918,23,1
2022-08-29,32.310001373291016,33.2599983215332,31.549999237060547,31.600000381469727,8517300,35.54600028991699,32.43990009307861,42.43962142546299,22,0
2022-08-30,31.88999938964844,33.040000915527344,31.44499969482422,32.7400016784668,8541000,35.390000343322754,32.55290008544922,40.94329444782786,22,1
2022-08-31,32.709999084472656,33.13999938964844,31.76000022888184,32.54999923706055,19332800,35.196000289917,32.625700073242186,45.019103717386685,22,0
2022-09-01,31.950000762939453,32.43000030517578,30.709999084472656,32.279998779296875,10468500,34.98450031280519,32.693500099182124,42.11779534040477,22,1
2022-09-02,32.06999969482422,32.560001373291016,30.89999961853028,32.209999084472656,8869500,34.80450038909913,32.74550010681152,42.74521520515969,22,1
2022-09-06,33.220001220703125,34.9900016784668,32.02000045776367,32.38999938964844,24795700,34.561000442504884,32.81990013122558,48.50592719047032,28,1
2022-09-07,33.25,34.400001525878906,32.70000076293945,33.279998779296875,15105300,34.38850040435792,32.91610012054443,48.65106670023502,28,1
2022-09-08,36.880001068115234,36.900001525878906,34.599998474121094,35.2400016784668,44772000,34.36250038146974,33.11390014648437,62.44490492406268,28,1
2022-09-09,37.54999923706055,37.880001068115234,35.209999084472656,36.27999877929688,27096200,34.292500305175786,33.339500122070305,64.34853529701009,28,1
2022-09-12,38.7400016784668,38.9900016784668,37.75,37.81999969482422,20863000,34.28450031280518,33.59950016021728,67.49962688596716,31,1
2022-09-13,38.7599983215332,39.56999969482422,36.84999847412109,37.02000045776367,24593700,34.358500289917,33.86070011138915,67.5515274208222,31,1
2022-09-14,40.09999847412109,40.345001220703125,37.77399826049805,38.29999923706055,24685800,34.45200023651123,34.12550006866454,70.9045813168456,31,0
2022-09-15,39.68999862670898,40.86000061035156,38.88999938964844,39.79999923706055,24202000,34.61550025939942,34.32610004425048,68.56981830152888,31,0
2022-09-16,39.2599983215332,39.810001373291016,38.16999816894531,38.810001373291016,70434800,34.783500099182135,34.47870002746582,66.11107887782757,31,0
2022-09-19,37.93999862670898,38.88999938964844,37.0099983215332,38.81999969482422,18345500,34.95799999237061,34.59770000457763,59.10473381842834,25,0
2022-09-20,35.75,38.34000015258789,35.72999954223633,37.709999084472656,17513200,35.09249992370606,34.71409999847412,49.694866476300085,25,0
2022-09-21,35.099998474121094,36.66999816894531,34.84000015258789,35.650001525878906,13975000,35.236999893188475,34.81309997558594,47.28844610460551,25,0
2022-09-22,33.33000183105469,35.18000030517578,33.099998474121094,34.757999420166016,13544200,35.27549991607666,34.864500007629395,41.40827627311035,25,1
2022-09-23,33.560001373291016,33.58300018310547,31.770000457763672,32.709999084472656,16238500,35.30849990844727,34.919100036621096,42.41039264202173,25,1
2022-09-26,33.849998474121094,35.04999923706055,33.18000030517578,33.41999816894531,11315900,35.395499801635744,34.964099998474126,43.717486380720416,21,0
2022-09-27,33.790000915527344,35.16999816894531,33.18000030517578,34.91999816894531,11482000,35.46949977874756,35.003900032043454,43.49752231315785,21,1
2022-09-28,35.08000183105469,35.25,33.54999923706055,33.86000061035156,11277400,35.62899990081788,35.07130008697511,49.39335594693235,21,0
2022-09-29,32.310001373291016,35.7599983215332,32.13999938964844,35.34000015258789,16987900,35.6090000152588,35.06270008087159,39.791725163094725,21,1
2022-09-30,32.90999984741211,34.130001068115234,31.641000747680664,31.75,12381000,35.65699996948243,35.03830005645752,42.40345291559879,21,0
2022-10-03,31.88999938964844,32.849998474121094,31.01000022888184,32.72200012207031,13778400,35.64799995422363,35.02650005340577,39.28370791175794,33,1
2022-10-04,36.29999923706055,36.3849983215332,33.79999923706055,34.16999816894531,29058700,35.8019998550415,35.109100074768065,54.775842235525175,33,0
2022-10-05,36.130001068115234,36.22999954223633,34.650001525878906,36.16999816894531,15778900,35.94599990844727,35.19790008544921,54.20171337315191,33,1
2022-10-06,36.7599983215332,37.38999938964844,35.279998779296875,36.47999954223633,17266500,35.93999977111817,35.29290008544921,56.040584611458215,33,0
2022-10-07,33.95000076293945,36.007999420166016,33.0099983215332,35.709999084472656,22803600,35.75999984741211,35.29500007629394,46.97981021316484,33,0
2022-10-10,31.479999542236328,32.347999572753906,30.15999984741211,32.0,26171500,35.396999740600585,35.23860008239746,40.74388365567109,30,1
2022-10-11,32.33000183105469,33.685001373291016,30.809999465942383,31.44799995422364,20802800,35.075499916076666,35.189000091552735,43.52215988992016,30,1
2022-10-12,32.349998474121094,32.97700119018555,31.565000534057617,32.66999816894531,14040200,34.68799991607666,35.13580009460449,43.58916785490681,30,1
2022-10-13,32.5,33.18000030517578,30.32999992370605,30.950000762939453,16135000,34.328499984741214,35.05400009155273,44.124707253215554,30,0
2022-10-14,28.709999084472656,33.25,28.614999771118164,33.05500030517578,22520600,33.80100002288819,34.90460006713868,35.06637718842059,30,1
2022-10-17,30.700000762939453,30.84000015258789,29.39999961853028,29.809999465942383,14050600,33.439000129699714,34.80520011901856,41.820028294094776,20,1
2022-10-18,31.63999938964844,32.310001373291016,30.989999771118164,32.09600067138672,13668100,33.23350009918214,34.676200103759776,44.743576239986446,20,0
2022-10-19,31.5,31.76000022888184,30.56999969482422,30.90999984741211,10644900,33.05350017547608,34.57220008850099,44.385838507283474,20,0
2022-10-20,30.729999542236328,32.15999984741211,30.3700008392334,31.100000381469727,10633200,32.92350006103516,34.438800048828135,42.37890355029106,20,1
2022-10-21,31.920000076293945,32.0,30.09000015258789,30.38999938964844,9941800,32.841499996185306,34.29820003509523,46.41164303001872,20,0
2022-10-24,31.34000015258789,31.790000915527344,29.450000762939453,31.450000762939453,11197700,32.71600008010864,34.147000007629394,44.76710791581922,21,1
2022-10-25,34.4900016784668,34.75,31.325000762939453,31.325000762939453,18931400,32.75100011825562,34.0912000656128,54.24880652537184,21,0
2022-10-26,34.439998626708984,35.849998474121094,33.900001525878906,34.0,11335900,32.71899995803833,34.01540004730224,54.09007019458621,21,1
2022-10-27,34.5,35.220001220703125,33.900001525878906,34.369998931884766,8968100,32.82849988937378,33.97700008392334,54.26301322372374,21,0
2022-10-28,34.47999954223633,35.06999969482422,34.099998474121094,34.36000061035156,8410900,32.90699987411499,33.94860004425049,54.18973467054795,21,1
2022-10-31,34.970001220703125,35.994998931884766,33.970001220703125,34.279998779296875,23372500,33.060999965667726,33.95900005340577,55.76579739483951,20,0
2022-11-01,33.47999954223633,36.44599914550781,33.380001068115234,36.150001525878906,10366100,32.91999998092652,33.96740001678467,50.11917814264573,20,0
2022-11-02,31.520000457763672,33.755001068115234,31.459999084472656,33.5099983215332,10788300,32.68949995040894,33.95360004425049,43.83187461099651,20,1
2022-11-03,32.2400016784668,33.54999923706055,31.01000022888184,31.280000686645508,8075400,32.46350011825562,33.94720005035401,46.48756386710261,20,0
2022-11-04,31.989999771118164,33.5,31.100000381469727,33.43000030517578,8159200,32.36550006866455,33.929000015258794,45.67994277805768,20,0
2022-11-07,31.31999969482422,32.928001403808594,31.01000022888184,32.564998626708984,7414000,32.357500076293945,33.91319999694825,43.4988944175816,31,1
2022-11-08,31.850000381469727,32.84000015258789,30.350000381469727,31.450000762939453,11768900,32.3335000038147,33.90399997711183,45.707244351448175,31,0
2022-11-09,28.06999969482422,31.14999961853028,27.36000061035156,31.030000686645508,28081300,32.11950006484986,33.82759998321534,35.15400316058875,31,1
2022-11-10,32.959999084472656,33.52000045776367,31.1299991607666,32.8849983215332,29299900,32.14250001907349,33.832599983215346,50.936094424945104,31,1
2022-11-11,34.900001525878906,34.97999954223633,31.920000076293945,33.185001373291016,21051800,32.4520001411438,33.89159999847413,55.55734512284517,31,0
2022-11-14,34.380001068115234,35.150001525878906,33.20399856567383,34.38999938964844,12608900,32.63600015640259,33.93780002593995,54.08681160814104,20,1
2022-11-15,35.150001525878906,35.73500061035156,33.91999816894531,34.439998626708984,19268200,32.811500263214114,33.97640003204347,55.94627659084802,20,0
2022-11-16,33.31999969482422,34.4900016784668,32.849998474121094,34.35499954223633,10069200,32.902500247955324,33.97780002593994,50.69175585684088,20,0
2022-11-17,32.06999969482422,32.755001068115234,31.709999084472656,32.2400016784668,7890900,32.96950025558472,33.88159999847412,47.41586960081982,20,0
2022-11-18,30.34000015258789,32.689998626708984,29.809999465942383,32.650001525878906,13130200,32.89050025939941,33.73740001678467,43.25006493698305,20,0
2022-11-21,28.420000076293945,30.14999961853028,28.39999961853028,29.68000030517578,13508600,32.74450025558471,33.530999984741214,39.14010910218648,15,1
2022-11-22,28.940000534057617,29.46999931335449,27.850000381469727,28.57999992370605,10770200,32.46700019836426,33.3346000289917,40.781437249242046,15,1
2022-11-23,29.709999084472656,30.18000030517578,28.950000762939453,29.270000457763672,9511300,32.23050022125244,33.12680004119874,43.22321380040831,15,0
2022-11-25,29.530000686645508,29.63999938964844,29.100000381469727,29.63999938964844,3907600,31.98200025558472,32.92360008239747,42.779151769962446,15,0
2022-11-28,28.63999938964844,29.559999465942383,28.57999992370605,29.100000381469727,7746900,31.69000024795533,32.71120010375977,40.560270271213206,18,1
2022-11-29,28.850000381469727,29.489999771118164,28.665000915527344,29.14999961853028,6705700,31.38400020599365,32.52940013885499,41.33349818243786,18,1
2022-11-30,32.040000915527344,32.22999954223633,29.020000457763672,29.049999237060547,18375900,31.312000274658207,32.455200157165535,51.62748206455382,18,0
2022-12-01,31.479999542236328,32.599998474121094,30.299999237060547,31.96500015258789,12056800,31.31000022888184,32.38280017852784,49.9698639731994,18,0
2022-12-02,31.36000061035156,31.600000381469727,30.25,30.6299991607666,8879100,31.26600017547608,32.34340015411377,49.60234588248746,18,0
2022-12-05,29.530000686645508,31.34499931335449,29.434999465942383,31.01000022888184,7560400,31.143000221252443,32.26280014038086,44.25661465872173,18,0
2022-12-06,27.88999938964844,29.540000915527344,27.424999237060547,29.5,13170700,30.971500205993657,32.14360015869141,40.08708399464493,18,1
2022-12-07,27.940000534057617,28.22699928283692,27.270000457763672,27.75,8877300,30.77600021362305,32.02660015106201,40.27184423706749,18,1
2022-12-08,28.57999992370605,28.63999938964844,27.59000015258789,28.26000022888184,9582500,30.80150022506714,31.89660011291505,42.70725378543417,18,0
2022-12-09,27.290000915527344,29.27499961853028,27.2450008392334,28.350000381469727,11334500,30.518000316619872,31.796200103759773,39.234635693037454,18,0
2022-12-12,25.61000061035156,26.89999961853028,25.520000457763672,26.75,19596900,30.05350027084351,31.65020011901856,35.218313039802126,29,0
2022-12-13,24.959999084472656,27.959999084472656,24.6299991607666,27.200000762939453,20597300,29.58250017166138,31.511600112915044,33.777600093056854,29,0
2022-12-14,24.540000915527344,25.57999992370605,24.43000030517578,24.920000076293945,14213100,29.052000141143804,31.276400146484377,32.84269944733324,29,0
2022-12-15,23.96999931335449,25.059999465942383,23.86000061035156,24.030000686645508,13296000,28.58450012207032,31.033200111389164,31.565771361290228,29,0
2022-12-16,22.479999542236328,24.309999465942383,22.299999237060547,23.88999938964844,58554600,28.105000114440923,30.74760013580323,28.451686671180845,29,0
2022-12-19,22.030000686645508,22.739999771118164,21.850000381469727,22.530000686645508,18825200,27.689500141143803,30.509200134277357,27.567150136932355,25,0
2022-12-20,21.39999961853028,22.459999084472656,21.290000915527344,21.850000381469727,15114700,27.33850011825562,30.307600135803234,26.332851612576867,25,0
2022-12-21,21.030000686645508,21.61000061035156,20.729999542236328,21.575000762939453,13435000,26.94300012588501,30.081600112915048,25.607677328253416,25,0
2022-12-22,19.729999542236328,20.809999465942383,18.920000076293945,20.65999984741211,24271200,26.444000148773192,29.82920013427735,23.191134757340645,25,0
2022-12-23,19.13999938964844,19.770000457763672,18.52199935913086,19.76499938964844,18952000,25.924500083923338,29.56200012207032,22.168650588628505,25,0
2022-12-27,17.739999771118164,18.700000762939453,17.649999618530273,18.64999961853028,21663000,25.379500102996825,29.34260013580323,19.92389382656038,23,0
2022-12-28,17.739999771118164,18.26000022888184,17.450000762939453,17.75,20967700,24.824000072479244,29.083400115966803,19.92389382656038,23,1
2022-12-29,18.729999542236328,19.02499961853028,18.13999938964844,18.38999938964844,22063000,24.15850000381469,28.82520011901856,26.063825652942448,23,0
2022-12-30,18.43000030517578,18.577999114990234,17.915000915527344,18.25,17181800,23.506000041961663,28.563800125122075,25.427564931249933,23,0
2023-01-03,17.34000015258789,18.989999771118164,17.079999923706055,18.89999961853028,25993900,22.80500001907348,28.296000137329106,23.21052736564225,29,1
2023-01-04,17.709999084472656,18.059999465942383,16.559999465942383,17.200000762939453,28730200,22.21399993896484,28.011800117492683,25.58245912162877,29,0
2023-01-05,16.559999465942383,17.3799991607666,16.530000686645508,17.350000381469727,24201200,21.64749994277953,27.71620010375977,23.18530865192409,29,0
2023-01-06,16.399999618530273,16.655000686645508,15.84000015258789,16.09000015258789,22022300,21.07049989700317,27.35440006256104,22.86429946468939,29,1
2023-01-09,16.6200008392334,17.200000762939453,16.469999313354492,16.6200008392334,21572200,20.472499942779532,26.99800010681153,24.41395932007448,26,0
2023-01-10,16.450000762939453,17.3700008392334,16.020000457763672,16.81999969482422,26468300,19.93049993515015,26.63700012207032,24.01251318604662,26,1
2023-01-11,17.079999923706055,17.69499969482422,16.184999465942383,16.514999389648438,33365100,19.50399990081787,26.289000129699712,28.692046809346376,26,1
2023-01-12,17.579999923706055,17.780000686645508,16.479999542236328,17.25,30584200,19.134999942779547,25.94120010375977,32.257669159864726,26,0
2023-01-13,16.450000762939453,16.84000015258789,15.81999969482422,16.81999969482422,42771400,18.73049993515015,25.60060012817383,28.757842942287752,26,1
2023-01-17,16.93000030517578,17.280000686645508,16.371000289916992,16.674999237060547,25623600,18.378499984741214,25.308800125122072,32.126531974914606,23,0
2023-01-18,16.5,17.709999084472656,16.459999084472656,17.389999389648438,22158100,18.0795000076294,24.99400009155273,30.724921705061902,23,0
2023-01-19,15.789999961853027,16.360000610351562,15.279999732971191,16.23200035095215,28441500,17.767499971389775,24.67000009536743,28.51294857553912,23,1
2023-01-20,16.229999542236328,16.510000228881836,15.545000076293944,15.989999771118164,23673400,17.508999967575072,24.36820009231567,31.79023348797346,23,1
2023-01-23,18.100000381469727,18.3799991607666,16.440000534057617,16.479999542236328,41768300,17.362499952316288,24.09320009231567,43.62022369581495,32,0
2023-01-24,18.049999237060547,18.6299991607666,17.6200008392334,17.93000030517578,22660100,17.278499937057497,23.8928000831604,43.40346076824603,32,1
2023-01-25,18.690000534057617,18.76499938964844,17.1200008392334,17.40999984741211,26136500,17.255999994277957,23.6074001121521,47.03172214393686,32,0
2023-01-26,18.309999465942383,19.8799991607666,18.010000228881836,19.68000030517578,32276700,17.284499979019166,23.27560007095337,45.17972251352582,32,1
2023-01-27,19.82999992370605,21.440000534057617,18.13999938964844,18.21999931335449,73907100,17.388999986648564,22.984600048065182,53.13009806447467,32,0
2023-01-30,18.040000915527344,19.948999404907227,18.010000228881836,19.82999992370605,34992500,17.354500055313114,22.642400035858152,44.87624585998342,33,1
2023-01-31,19.39999961853028,19.43000030517578,17.77199935913086,18.09000015258789,31614400,17.403000020980837,22.36400003433227,51.09292112082221,33,1
2023-02-01,19.709999084472656,20.06999969482422,18.21500015258789,19.5,36443900,17.521499967575078,22.11680002212524,52.41038501164756,33,1
2023-02-02,20.8799991607666,22.09000015258789,20.31999969482422,20.440000534057617,39070000,17.679999971389776,21.927600002288813,57.10678641981894,33,0
2023-02-03,19.89999961853028,21.31999969482422,19.7450008392334,19.979999542236328,27177300,17.846999979019166,21.757199993133536,52.43879165634207,33,1
2023-02-06,20.21999931335449,20.36000061035156,19.61000061035156,19.799999237060547,15772600,18.037999963760377,21.58279996871948,53.76770441570476,23,0
2023-02-07,19.90999984741211,20.190000534057617,18.709999084472656,20.170000076293945,28566900,18.202499914169312,21.386799983978268,52.24476564937631,23,1
2023-02-08,20.07999992370605,20.3799991607666,19.450000762939453,19.489999771118164,18650900,18.38399987220764,21.197799968719483,53.03045373191737,23,0
2023-02-09,19.420000076293945,20.88500022888184,19.239999771118164,20.489999771118164,18834400,18.500999879837035,21.01339998245239,49.61740393424506,23,0
2023-02-10,18.850000381469727,19.15999984741211,18.549999237060547,18.940000534057617,17148500,18.564499902725217,20.813399982452392,46.81507886120249,23,1
2023-02-13,18.920000076293945,19.065000534057617,18.280000686645508,18.64999961853028,13538600,18.687999868392943,20.550999965667724,47.20939749511432,24,1
2023-02-14,19.489999771118164,19.63999938964844,18.18000030517578,18.56999969482422,17274200,18.81599984169006,20.311199970245365,50.432115636056594,24,1
2023-02-15,21.14999961853028,21.14999961853028,18.959999084472656,18.9950008392334,27957200,19.048499822616577,20.10699995040894,58.397446206689175,24,0
2023-02-16,20.68000030517578,21.68000030517578,20.31999969482422,20.790000915527344,21737700,19.29299983978272,19.929999942779546,55.66974669927151,24,0
2023-02-17,20.21999931335449,20.56999969482422,19.5,20.39999961853028,16589200,19.49249982833863,19.776599941253668,53.05760610045109,24,0
2023-02-21,19.07999992370605,19.93000030517578,18.96999931335449,19.674999237060547,13737700,19.54149980545045,19.59939992904664,47.15268298653532,20,0
2023-02-22,19.020000457763672,19.53499984741211,18.57200050354004,19.184999465942383,16786900,19.5899998664856,19.40819993972779,46.8571067505606,20,0
2023-02-23,18.18000030517578,18.93000030517578,17.5,18.88999938964844,25995900,19.564499855041507,19.225999927520757,42.811018689155766,20,0
2023-02-24,17.31999969482422,17.6299991607666,16.905000686645508,17.5,20161600,19.514999866485603,19.060199909210205,39.08946987175226,20,1
2023-02-27,18.450000762939453,18.6299991607666,17.600000381469727,17.760000228881836,20042500,19.44599990844727,18.92999994277954,45.76126207569229,49,1
2023-02-28,19.299999237060547,19.76000022888184,18.530000686645508,18.530000686645508,36331100,19.50899982452393,18.825199909210205,50.18167863814786,49,0
2023-03-01,15.760000228881836,17.68000030517578,15.5600004196167,17.649999618530273,87442100,19.326999855041503,18.660999927520752,36.74885955422291,49,0
2023-03-02,15.720000267028809,16.190000534057617,15.079999923706056,15.5649995803833,41698200,19.127499914169316,18.5257999420166,36.62954467086068,49,1
2023-03-03,16.920000076293945,17.479999542236328,15.720000267028809,16.020000457763672,48011300,18.92949995994568,18.42359992980957,42.645749916293845,49,1
2023-03-06,17.1299991607666,17.739999771118164,16.959999084472656,17.139999389648438,32080000,18.7909999370575,18.3381999206543,43.65388949867797,46,0
2023-03-07,14.640000343322754,15.9399995803833,14.609999656677246,15.925000190734863,128729000,18.511999988555917,18.21039991378785,35.65180690650558,46,1
2023-03-08,15.130000114440918,15.229999542236328,14.210000038146973,14.654999732971191,76217700,18.27300000190735,18.118399925231937,38.05808668048161,46,0
2023-03-09,14.529999732971191,15.260000228881836,14.440999984741213,14.890000343322754,40790600,17.995499992370608,18.026199932098397,36.26957192785,46,0
2023-03-10,14.15999984741211,14.904999732971191,14.0,14.720000267028809,42475700,17.73249998092652,17.95459993362427,35.17189118962438,46,0
2023-03-13,13.729999542236328,14.109999656677246,13.119999885559082,13.800999641418455,43513000,17.476499938964846,17.874399929046636,33.88827571851976,40,0
2023-03-14,13.210000038146973,14.109999656677246,13.100000381469728,14.09000015258789,36173200,17.190999937057498,17.763999938964847,32.350682285409235,40,0
2023-03-15,13.029999732971191,13.392000198364258,12.795000076293944,12.91100025177002,43498100,16.86799993515015,17.655999927520753,31.812603034701464,40,1
2023-03-16,13.460000038146973,13.5,12.90999984741211,13.079999923706056,30325200,16.483499956130984,17.578399925231935,34.61061927452468,40,0
2023-03-17,13.010000228881836,13.31999969482422,12.800000190734863,13.210000038146973,36718200,16.09999995231629,17.48439994812012,33.08076551088145,40,1
2023-03-20,13.020000457763672,13.09000015258789,12.579999923706056,12.779999732971191,30927600,15.740000009536743,17.413599967956547,33.15148101358117,29,1
2023-03-21,13.609999656677246,13.739999771118164,13.130000114440918,13.18000030517578,27341300,15.466499996185302,17.357799968719483,37.357388254818034,29,0
2023-03-22,13.289999961853027,13.949000358581545,13.234999656677246,13.8100004196167,23357000,15.179999971389767,17.291199951171876,36.03318874595421,29,1
2023-03-23,13.710000038146973,13.989999771118164,13.40999984741211,13.5,20984200,14.956499958038329,17.236399936676026,39.08518726386015,29,0
2023-03-24,13.619999885559082,13.914999961853027,13.260000228881836,13.59000015258789,17770100,14.771499967575073,17.16719993591309,38.65952544621269,29,0
2023-03-27,13.3100004196167,13.84000015258789,13.210000038146973,13.800000190734863,16035400,14.514499950408934,17.081799945831303,37.15841694357529,32,0
2023-03-28,12.960000038146973,13.4350004196167,12.880000114440918,13.329999923706056,16396700,14.197499990463257,17.011999931335453,35.483201680122654,32,1
2023-03-29,14.239999771118164,14.4399995803833,13.18000030517578,13.31999969482422,34237300,14.12149996757507,16.958199920654298,45.21134769118921,32,1
2023-03-30,14.399999618530272,14.84000015258789,14.27299976348877,14.550000190734863,24339700,14.055499935150143,16.916199913024904,46.30131948719625,32,1
2023-03-31,15.479999542236328,15.68000030517578,14.40999984741211,14.539999961853027,38244700,13.983499908447266,16.90999990463257,53.08581634807116,32,0
2023-04-03,15.229999542236328,15.59000015258789,14.630000114440918,15.279999732971191,26714500,13.888499927520751,16.889999904632568,51.46487999201202,27,1
2023-04-04,15.380000114440918,15.795000076293944,14.729999542236328,15.279999732971191,21953000,13.925499916076658,16.835599899291992,52.40394574884767,27,0
2023-04-05,14.630000114440918,15.1899995803833,14.380000114440918,15.18000030517578,19066500,13.900499916076658,16.7671999168396,47.45951577749946,27,0
2023-04-06,14.470000267028809,14.8100004196167,14.3100004196167,14.56999969482422,14752500,13.89749994277954,16.68279991149902,46.45257251504064,27,1
2023-04-10,14.8100004196167,14.845000267028809,14.029999732971191,14.31999969482422,14468600,13.929999971389767,16.612799930572507,48.932127208082434,24,0
2023-04-11,14.739999771118164,15.085000038146973,14.649999618530272,14.979999542236328,14668600,13.98049998283386,16.51099992752075,48.43484759688191,24,0
2023-04-12,14.1899995803833,15.239999771118164,14.109999656677246,15.0600004196167,23278000,14.029499959945678,16.43399990081787,44.59968477720454,24,1
2023-04-13,14.369999885559082,14.484999656677246,14.1899995803833,14.399999618530272,13000500,14.096499967575072,16.333399906158444,46.10379323716128,24,0
2023-04-14,13.380000114440918,13.920000076293944,13.16100025177002,13.862000465393066,36941100,14.092499971389769,16.206799926757814,39.71691088108235,24,1
2023-04-17,13.729999542236328,14.114999771118164,13.34000015258789,13.390000343322754,24478200,14.128499937057494,16.063799934387205,42.737155365575774,31,0
2023-04-18,13.43000030517578,13.729999542236328,13.3100004196167,13.729999542236328,19327200,14.148999929428102,15.934399948120117,40.84805312769237,31,0
2023-04-19,12.81999969482422,13.079999923706056,12.65999984741211,13.0,31590500,14.109499931335453,15.786399955749513,37.24316921501154,31,0
2023-04-20,12.350000381469728,12.78499984741211,12.020000457763672,12.31999969482422,32712600,14.062499952316289,15.635199966430662,34.70204100561123,31,0
2023-04-21,12.25,12.380000114440918,11.880000114440918,12.364999771118164,20695000,13.989499950408938,15.47859996795654,34.16786193607239,31,1
2023-04-24,12.359999656677246,12.479999542236328,12.079999923706056,12.300000190734863,14196600,13.926499938964843,15.337399959564207,35.34681397054786,23,0
2023-04-25,12.0,12.274999618530272,11.960000038146973,12.1899995803833,17876600,13.860999917984008,15.200399951934813,33.24824911149182,23,1
2023-04-26,12.039999961853027,12.329999923706056,11.68000030517578,12.149999618530272,22594500,13.814999914169311,15.062799949645994,33.719120775855686,23,1
2023-04-27,12.670000076293944,12.779999732971191,12.079999923706056,12.170000076293944,22583400,13.736499929428104,14.92639995574951,40.802041187323056,23,1
2023-04-28,12.81999969482422,12.954999923706056,12.470000267028809,12.699999809265137,18185000,13.657499933242796,14.75979995727539,42.38083448784939,23,0
2023-05-01,12.649999618530272,12.829999923706056,12.369999885559082,12.80500030517578,12868700,13.515999937057495,14.599199943542482,41.04479206736262,21,1
2023-05-02,12.68000030517578,12.869999885559082,12.350000381469728,12.579999923706056,13130200,13.388499975204468,14.44839996337891,41.39590390954111,21,1
2023-05-03,12.8100004196167,13.114999771118164,12.5600004196167,12.68000030517578,14620000,13.259999990463257,14.322999973297122,42.98058999446965,21,1
2023-05-04,12.949999809265137,13.149999618530272,12.59000015258789,12.84000015258789,13429000,13.175999975204466,14.201599960327153,44.71437246323001,21,1
2023-05-05,13.40999984741211,13.630000114440918,13.095000267028809,13.140000343322754,16793100,13.122999954223634,14.106199951171876,50.0849367834144,21,1
2023-05-08,13.869999885559082,14.015000343322754,13.229999542236328,13.43000030517578,23002500,13.075999927520751,14.037199954986576,54.81223720166507,47,0
2023-05-09,13.859999656677246,14.085000038146973,13.119999885559082,13.350000381469728,34103300,13.031999921798706,13.945399932861331,54.69097261812,47,1
2023-05-10,14.109999656677246,15.739999771118164,14.045000076293944,15.085000038146973,66713400,13.0279999256134,13.841599941253666,57.23797563689372,47,0
2023-05-11,13.84000015258789,14.574999809265137,13.720000267028809,14.210000038146973,26179600,13.00149993896484,13.803199939727786,53.72535191278291,47,0
2023-05-12,12.90999984741211,13.970000267028809,12.734999656677246,13.800000190734863,31065600,12.977999925613403,13.746999931335452,43.76304896358683,47,1
2023-05-15,13.4399995803833,13.539999961853027,12.550000190734863,12.59000015258789,22534000,12.963499927520752,13.677399921417242,49.509116054178605,25,0
2023-05-16,13.079999923706056,13.329999923706056,12.93000030517578,13.220000267028809,13799400,12.945999908447266,13.596399936676033,46.06608197810274,25,1
2023-05-17,13.40999984741211,13.454999923706056,13.0,13.079999923706056,16167300,12.97549991607666,13.57179992675782,49.53088294368223,25,1
2023-05-18,13.539999961853027,13.5600004196167,13.050000190734863,13.399999618530272,13853200,13.034999895095826,13.53999992370606,50.86987730546411,25,0
2023-05-19,13.470000267028809,14.300000190734863,13.289999961853027,13.520000457763672,24278000,13.095999908447263,13.518799934387213,50.09911548280385,25,1
2023-05-22,14.229999542236328,14.359999656677246,13.380000114440918,13.470000267028809,20291000,13.18949990272522,13.5201999282837,57.60902383703706,26,0
2023-05-23,14.199999809265137,14.760000228881836,14.0,14.039999961853027,18444200,13.299499893188475,13.529599933624274,57.24280875755685,26,1
2023-05-24,14.380000114440918,14.420000076293944,13.600000381469728,13.949999809265137,19055900,13.41649990081787,13.552999935150154,58.9298008661999,26,1
2023-05-25,14.56999969482422,14.65999984741211,14.140000343322754,14.270000457763672,16133200,13.51149988174438,13.583799934387216,60.692753285412735,26,1
2023-05-26,15.140000343322754,15.460000038146973,14.649999618530272,14.649999618530272,26601700,13.627499914169311,13.617399940490731,65.48005954718803,26,0
2023-05-30,14.869999885559082,15.65999984741211,14.4350004196167,15.600000381469728,29933800,13.73849992752075,13.654599933624276,61.64983413171902,23,0
2023-05-31,14.729999542236328,15.010000228881836,14.380000114440918,14.75,49316900,13.840999889373778,13.688799915313728,59.69982080601977,23,0
2023-06-01,14.579999923706056,14.9399995803833,14.020000457763672,14.43000030517578,25361800,13.929499864578249,13.708199920654303,57.59770525495,23,0
2023-06-02,14.479999542236328,15.06999969482422,14.449999809265137,15.0,20138900,14.005999851226807,13.73199991226197,56.17752859009115,23,0
2023-06-05,14.34000015258789,14.670000076293944,14.024999618530272,14.59000015258789,17602000,14.052499866485595,13.744599914550784,54.16400317742975,25,1
2023-06-06,14.5,14.920000076293944,14.109999656677246,14.199999809265137,22214400,14.083999872207642,13.762199916839604,56.10056568406943,25,0
2023-06-07,13.81999969482422,14.755000114440918,13.8100004196167,14.699999809265137,30942800,14.081999874114992,13.772399902343754,47.010028007891336,25,1
2023-06-08,14.050000190734863,14.164999961853027,13.649999618530272,13.850000381469728,17716700,14.078999900817871,13.794199905395512,49.96337635947727,25,0
2023-06-09,13.869999885559082,14.859999656677246,13.829999923706056,14.260000228881836,25896700,14.080499887466432,13.78679990768433,47.7217338571725,25,1
2023-06-12,14.0,14.6899995803833,13.609999656677246,14.029999732971191,33762000,14.134999895095826,13.77879991531372,49.4844988452461,36,1
2023-06-13,15.25,15.460000038146973,14.095000267028809,14.220000267028809,46597700,14.22549991607666,13.774199924468991,62.55780659312767,36,0
2023-06-14,14.739999771118164,15.390000343322754,14.520000457763672,15.170000076293944,34759600,14.308499908447263,13.76439992904663,56.17054771285485,36,1
2023-06-15,15.239999771118164,15.574999809265137,14.390000343322754,14.479999542236328,33097500,14.399999904632567,13.761599922180176,60.43557825129673,36,0
2023-06-16,14.880000114440918,16.09000015258789,14.729999542236328,15.300000190734863,92230400,14.466999912261963,13.766599922180175,56.1954951404728,36,1
2023-06-20,15.699999809265137,15.829999923706056,15.0600004196167,15.239999771118164,39557100,14.57849988937378,13.7911999130249,62.62729482347918,34,0
2023-06-21,14.619999885559082,16.31999969482422,14.40999984741211,15.949999809265137,49422000,14.597999906539918,13.787399902343749,51.83257784439212,34,0
2023-06-22,14.149999618530272,14.649999618530272,14.020000457763672,14.399999618530272,25705600,14.595499897003174,13.775599899291988,47.958467654897554,34,0
2023-06-23,13.529999732971191,14.020000457763672,13.5,13.960000038146973,23978200,14.552999877929691,13.762399902343748,43.35498617315032,34,0
2023-06-26,13.449999809265137,13.970000267028809,13.380000114440918,13.59000015258789,21634500,14.496999883651736,13.743999900817869,42.78431189181153,33,1
2023-06-27,13.9399995803833,13.949999809265137,13.300000190734863,13.720000267028809,27593800,14.436999845504763,13.755199890136716,47.355152801570256,33,1
2023-06-28,14.640000343322754,14.869999885559082,13.81999969482422,13.899999618530272,32296400,14.425499868392947,13.773399906158446,53.11725943034411,33,1
2023-06-29,16.010000228881836,16.010000228881836,14.609999656677246,14.739999771118164,48833700,14.48949990272522,13.824999904632566,61.90537607438549,33,1
2023-06-30,16.65999984741211,16.75,15.779999732971191,16.219999313354492,40422800,14.593499898910524,13.901799907684325,65.23504986011972,33,1
2023-07-03,19.559999465942383,19.700000762939453,17.799999237060547,17.84000015258789,79984800,14.847499895095828,14.045999889373777,75.5169442766884,91,1
2023-07-05,20.43000030517578,21.049999237060547,19.434999465942383,20.70499992370605,118923400,15.151999902725224,14.209599895477291,77.65230243449754,91,1
2023-07-06,21.6200008392334,21.770000457763672,19.63999938964844,20.049999237060547,98775300,15.50799994468689,14.394799919128412,80.19654358424589,91,1
2023-07-07,24.700000762939453,25.6299991607666,22.600000381469727,22.88999938964844,232047300,16.05199999809265,14.648799934387204,84.96699537248388,91,1
2023-07-10,25.51000022888184,26.61000061035156,23.57999992370605,25.520000457763672,174169400,16.625,14.91819993972778,85.92710468354223,100,0
2023-07-11,24.850000381469727,25.739999771118164,24.309999465942383,24.809999465942383,94875300,17.174000024795532,15.161799945831296,81.3670778759931,100,1
2023-07-12,25.90999984741211,26.26099967956543,23.709999084472656,25.40999984741211,107585800,17.769500017166138,15.423599948883057,82.93356398758931,100,0
2023-07-13,25.520000457763672,26.88999938964844,25.18000030517578,25.81999969482422,100021300,18.28300004005432,15.680999965667722,80.2600171764535,100,0
2023-07-14,24.81999969482422,25.790000915527344,24.540000915527344,25.350000381469727,55642100,18.787000036239625,15.923799953460692,75.55215654228736,100,0
2023-07-17,23.989999771118164,24.57999992370605,23.239999771118164,24.01000022888184,67076000,19.224500036239625,16.147399940490722,70.28753806288351,66,1
2023-07-18,24.690000534057617,25.82999992370605,23.739999771118164,23.88999938964844,66356400,19.715000057220458,16.38219995498657,72.05606908335047,66,1
2023-07-19,24.82999992370605,26.030000686645508,24.645000457763672,25.3799991607666,56565000,20.171500062942503,16.61059995651245,72.40977441571235,66,1
2023-07-20,25.809999465942383,26.13999938964844,23.850000381469727,24.450000762939453,79330300,20.73100004196167,16.849399948120116,74.813103184085,66,0
2023-07-21,25.270000457763672,27.15999984741211,24.31999969482422,26.5,80944800,21.287000083923346,17.077599964141847,71.13605369351981,66,1
2023-07-24,25.809999465942383,26.3700008392334,24.74099922180176,25.290000915527344,59564500,21.901000070571904,17.31159996032715,72.58703716907131,60,0
2023-07-25,25.350000381469727,26.559999465942383,25.190000534057617,25.979999542236328,45926600,22.496000099182133,17.541799964904783,69.38715118461582,60,1
2023-07-26,27.14999961853028,27.6200008392334,25.450000762939453,25.5,73715900,23.156500101089485,17.826599960327147,74.18314679323404,60,0
2023-07-27,26.049999237060547,28.059999465942383,25.88500022888184,28.040000915527344,66937600,23.727000045776368,18.07879995346069,67.24939038867004,60,1
2023-07-28,26.940000534057617,27.46999931335449,26.32999992370605,26.65999984741211,48754300,24.27350006103516,18.355999965667724,69.71578275898246,60,1
2023-07-31,27.63999938964844,27.780000686645508,26.61000061035156,27.01000022888184,37941600,24.822500038146973,18.640599956512453,71.53169856772655,50,0
2023-08-01,27.299999237060547,27.63500022888184,26.350000381469727,27.190000534057617,40142600,25.209500026702884,18.9157999420166,69.35633448184679,50,0
2023-08-02,25.90999984741211,26.479999542236328,24.84000015258789,26.420000076293945,48226700,25.483500003814694,19.164599933624267,61.16663132889671,50,1
2023-08-03,26.5,27.01000022888184,25.350000381469727,25.3700008392334,31646800,25.727499961853027,19.409999942779542,63.15537307070556,50,0
2023-08-04,25.26000022888184,26.82999992370605,25.18000030517578,26.82999992370605,33547700,25.755499935150144,19.63119995117188,56.59531113592563,50,0
2023-08-07,24.280000686645508,25.739999771118164,23.6299991607666,25.690000534057617,38325800,25.69399995803833,19.829199962615967,51.99829829392471,78,1
2023-08-08,24.799999237060547,25.249000549316406,23.600000381469727,23.780000686645508,57613400,25.69149990081787,20.033799953460694,54.12746164030267,78,0
2023-08-09,22.350000381469727,25.729999542236328,22.26000022888184,24.82999992370605,84645900,25.51349992752075,20.177999954223637,44.18347281402932,78,0
2023-08-10,21.90999984741211,22.89999961853028,21.51000022888184,22.65999984741211,50575800,25.332999897003173,20.31879995346069,42.66743003154595,78,0
2023-08-11,21.56999969482422,21.979999542236328,21.280000686645508,21.979999542236328,31238900,25.17049989700317,20.455599956512447,41.48293915477252,78,0
2023-08-14,21.559999465942383,21.799999237060547,20.520000457763672,20.89999961853028,33997000,25.048999881744383,20.595199947357177,41.4464941050805,37,0
2023-08-15,20.780000686645508,21.86000061035156,20.450000762939453,21.65999984741211,31758200,24.853499889373776,20.72119997024536,38.59807836464264,37,1
2023-08-16,21.040000915527344,21.450000762939453,20.200000762939453,20.375,32188400,24.66399993896484,20.85519998550415,40.07643000138224,37,0
2023-08-17,20.950000762939453,21.799999237060547,20.65999984741211,21.059999465942383,34911600,24.421000003814694,20.98420000076294,39.71993087797389,37,0
2023-08-18,20.780000686645508,21.170000076293945,20.18000030517578,20.25,25944000,24.196500015258785,21.12340002059937,39.01397079255903,37,1
2023-08-21,21.18000030517578,21.31999969482422,20.739999771118164,20.86000061035156,21257500,23.96500005722045,21.266000022888186,41.642214368298575,34,0
2023-08-22,20.07999992370605,21.46999931335449,19.770000457763672,21.3799991607666,30440100,23.701500034332277,21.39020002365112,36.92896582717779,34,1
2023-08-23,20.31999969482422,20.489999771118164,19.61000061035156,19.76000022888184,17583100,23.36000003814697,21.51660001754761,38.56284632286906,34,0
2023-08-24,19.63999938964844,20.26499938964844,19.479999542236328,20.200000762939453,18934000,23.039500045776364,21.60440000534058,35.73794744821772,34,1
2023-08-25,20.06999969482422,20.325000762939453,19.56999969482422,19.920000076293945,17059400,22.6960000038147,21.7110000038147,38.791396208789095,34,1
2023-08-28,20.530000686645508,20.739999771118164,19.979999542236328,20.299999237060547,14795200,22.340500068664557,21.816800022125246,41.968105546606814,34,1
2023-08-29,22.309999465942383,22.32999992370605,20.35199928283692,20.3799991607666,33698400,22.09100008010865,21.96540000915528,52.28727701482313,34,1
2023-08-30,22.8799991607666,22.920000076293945,21.979999542236328,22.09000015258789,22796300,21.939500045776366,22.108999996185304,55.04407307389124,34,0
2023-08-31,22.729999542236328,23.45499992370605,22.364999771118164,23.030000686645508,26642500,21.751000022888185,22.27119998931885,54.15726954675656,34,1
2023-09-01,23.309999465942383,23.7549991607666,22.459999084472656,23.0,26403000,21.65349998474121,22.45439998626709,57.03937523677497,34,1
2023-09-05,23.38999938964844,23.709999084472656,23.1200008392334,23.170000076293945,18911800,21.60899991989136,22.65159997940064,57.436859020468994,25,0
2023-09-06,23.26000022888184,23.420000076293945,22.5009994506836,23.25,18103700,21.531999969482424,22.84779998779297,56.52169349542451,25,1
2023-09-07,23.420000076293945,23.489999771118164,22.43000030517578,22.489999771118164,18546400,21.58549995422364,23.037399997711184,57.42091968955973,25,0
2023-09-08,23.100000381469727,23.739999771118164,22.76000022888184,23.39999961853028,19056000,21.644999980926517,23.206599998474125,54.972118743370814,25,1
2023-09-11,23.40999984741211,23.950000762939453,22.88999938964844,23.5,26320100,21.736999988555908,23.354599990844733,56.89015100046434,29,1
2023-09-12,23.57999992370605,24.459999084472656,23.059999465942383,23.209999084472656,23942100,21.83800001144409,23.492999992370613,57.94802429441231,29,0
2023-09-13,23.25,23.76000022888184,23.20499992370605,23.59000015258789,15641900,21.96149997711182,23.566800003051764,55.12041725078813,29,1
2023-09-14,24.11000061035156,24.170000076293945,23.190000534057617,23.25,21598400,22.11499996185303,23.640400009155275,60.52620408367533,29,1
2023-09-15,24.18000030517578,24.6200008392334,23.68000030517578,24.239999771118164,38433200,22.276499938964843,23.691599998474125,60.93862407914151,29,0
2023-09-18,23.709999084472656,24.42099952697754,23.40999984741211,24.030000686645508,20517500,22.422999858856205,23.671799964904785,56.65825205925776,27,0
2023-09-19,22.739999771118164,23.51000022888184,21.809999465942383,23.5,33672800,22.50099983215332,23.61639995574951,49.0074326891701,27,0
2023-09-20,22.39999961853028,23.420000076293945,22.3799991607666,22.959999084472656,19550800,22.61699981689453,23.56739994049072,46.63055033697365,27,0
2023-09-21,21.530000686645508,22.200000762939453,21.520000457763672,21.799999237060547,20032800,22.6774998664856,23.47979995727539,41.13309830768852,27,0
2023-09-22,20.59000015258789,21.93000030517578,20.57999992370605,21.600000381469727,24225700,22.72499990463257,23.38119995117188,36.17119970587448,27,1
2023-09-25,21.1299991607666,21.670000076293945,20.030000686645508,20.39999961853028,24477000,22.77799987792969,23.30739994049072,40.60385790495486,34,1
2023-09-26,22.26000022888184,22.670000076293945,21.100000381469727,21.5,37062100,22.864499855041508,23.272799949645997,48.64152888725653,34,1
2023-09-27,23.049999237060547,23.32999992370605,21.989999771118164,22.63999938964844,31254100,22.901499843597417,23.23999992370605,53.39029437050145,34,1
2023-09-28,23.07999992370605,23.239999771118164,22.229999542236328,23.020000457763672,23054300,22.91149988174439,23.20499992370605,53.565882504650375,34,1
2023-09-29,24.280000686645508,24.5,23.38999938964844,23.450000762939453,35885800,22.98899993896485,23.174399948120115,60.04896887331268,34,0
2023-10-02,23.65999984741211,24.8700008392334,23.3700008392334,23.93000030517578,49561600,23.006499958038333,23.14219993591308,55.72030803908549,62,0
2023-10-03,21.690000534057617,23.420000076293945,21.559999465942383,23.18000030517578,42257500,22.92150001525879,23.059799957275384,44.69551529808357,62,1
2023-10-04,23.690000534057617,23.739999771118164,21.58300018310547,21.729999542236328,48606000,22.943000030517577,23.026599960327143,54.53146856649852,62,0
2023-10-05,18.270000457763672,21.38999938964844,18.010000228881836,21.200000762939453,189851600,22.685500049591063,22.84899997711181,35.89837748355499,62,1
2023-10-06,18.920000076293945,19.0,17.649999618530273,17.725000381469727,120814400,22.476500034332272,22.70639999389648,38.60763668900362,62,0
2023-10-09,18.780000686645508,18.96999931335449,17.788000106811523,18.299999237060547,51715300,22.24500007629394,22.54319999694824,38.23282284480382,38,1
2023-10-10,19.63999938964844,19.979999542236328,19.11000061035156,19.350000381469727,54126000,22.048000049591064,22.38319999694824,41.9603718734689,38,0
2023-10-11,19.3700008392334,20.190000534057617,19.100000381469727,19.81999969482422,41638100,21.85400009155273,22.2246000289917,41.12133483278367,38,0
2023-10-12,19.32999992370605,19.88999938964844,18.71999931335449,19.36000061035156,37700400,21.615000057220456,22.093000030517576,40.990561601087926,38,0
2023-10-13,19.299999237060547,19.46500015258789,18.780000686645508,19.270000457763672,29307500,21.371000003814697,21.94900001525879,40.885542724966726,38,1
2023-10-16,19.65999984741211,19.790000915527344,19.1299991607666,19.200000762939453,21031100,21.16850004196167,21.837000007629392,42.78001377183348,34,1
2023-10-17,19.89999961853028,20.21999931335449,19.209999084472656,19.280000686645508,34080300,21.02650003433228,21.74939998626709,44.06694424887269,34,0
2023-10-18,18.09000015258789,19.729999542236328,17.899999618530273,19.709999084472656,45912200,20.81100006103516,21.615200004577638,37.26065866926916,34,0
2023-10-19,17.15999984741211,17.989999771118164,17.06999969482422,17.799999237060547,41423000,20.592500019073487,21.51139999389648,34.32692017683707,34,0
2023-10-20,16.719999313354492,17.389999389648438,16.621999740600586,17.020000457763672,30832900,20.398999977111817,21.40759998321533,33.002949337113634,34,1
2023-10-23,17.06999969482422,17.649999618530273,16.09000015258789,16.549999237060547,30193300,20.1960000038147,21.317599983215327,35.145751177570894,31,1
2023-10-24,17.43000030517578,17.649999618530273,16.989999771118164,17.299999237060547,23001800,19.954500007629395,21.235,37.36478687294108,31,0
2023-10-25,17.020000457763672,17.600000381469727,16.959999084472656,17.309999465942383,21207200,19.65300006866455,21.15979999542236,35.85991258216276,31,0
2023-10-26,16.170000076293945,17.010000228881836,15.880000114440918,16.950000762939453,29444900,19.307500076293945,21.062399978637696,32.90140762621944,31,0
2023-10-27,16.010000228881836,16.809999465942383,15.93000030517578,16.709999084472656,23930300,18.89400005340576,20.96359996795654,32.36020552135037,31,0
2023-10-30,15.720000267028809,16.25,15.289999961853027,16.059999465942383,28495600,18.4970000743866,20.86239995956421,31.35351879456801,32,1
2023-10-31,16.219999313354492,16.43000030517578,15.449999809265137,15.710000038146973,42227100,18.22350001335144,20.763199939727784,35.10212211690271,32,0
2023-11-01,16.1299991607666,16.298999786376953,15.890000343322754,16.25,18125400,17.84549994468689,20.684199924468995,34.734441882816085,32,1
2023-11-02,17.59000015258789,17.899999618530273,16.6200008392334,16.68000030517578,42818700,17.811499929428102,20.62959993362427,44.830081546341525,32,1
2023-11-03,17.709999084472656,18.434999465942383,17.6299991607666,17.950000762939453,31536000,17.750999879837035,20.59099992752076,45.57525115058179,32,0
2023-11-06,17.18000030517578,18.14999961853028,16.885000228881836,18.010000228881836,29082900,17.670999860763548,20.533199939727787,42.8240478879297,58,1
2023-11-07,17.420000076293945,17.530000686645508,16.760000228881836,17.1299991607666,45393300,17.55999989509582,20.47099992752076,44.45908377228949,58,0
2023-11-08,17.0,18.770000457763672,16.329999923706055,18.57999992370605,121273500,17.441499853134157,20.36479993820191,42.18555290973828,58,0
2023-11-09,15.329999923706056,17.3700008392334,15.324999809265137,16.8799991607666,67877300,17.241499853134155,20.213799953460693,34.607432075479686,58,1
2023-11-10,15.399999618530272,15.760000228881836,15.119999885559082,15.420000076293944,48589600,17.04649987220764,20.06719995498657,35.13342882596077,58,1
2023-11-13,16.190000534057617,16.3799991607666,15.279999732971191,15.350000381469728,38041900,16.872999906539917,19.92479997634888,40.91017765022869,36,1
2023-11-14,16.899999618530273,17.218000411987305,16.56999969482422,16.850000381469727,43215600,16.72299990653992,19.79499998092651,45.59920401389936,36,1
2023-11-15,17.239999771118164,17.75,16.25,16.56999969482422,52207500,16.680499887466432,19.67459997177124,47.73796528346924,36,0
2023-11-16,16.389999389648438,17.149999618530273,15.93000030517578,17.079999923706055,36672200,16.641999864578246,19.53399995803833,43.16865865287989,36,1
2023-11-17,16.700000762939453,16.950000762939453,16.299999237060547,16.479999542236328,30199500,16.640999937057494,19.40599996566772,45.22775250146502,36,1
2023-11-20,16.93000030517578,17.15999984741211,16.729999542236328,16.889999389648438,23589900,16.633999967575072,19.276399974822997,46.76875345816468,24,0
2023-11-21,15.720000267028809,16.989999771118164,15.71500015258789,16.700000762939453,38697300,16.548499965667723,19.11919998168945,40.33879249870967,24,1
2023-11-22,15.979999542236328,16.139999389648438,15.729999542236328,15.968000411987305,20168300,16.496499919891356,18.973799972534177,42.1783544784096,24,1
2023-11-24,16.43000030517578,16.469999313354492,15.779999732971191,15.979999542236328,15188400,16.509499931335448,18.82019996643066,45.32081763095842,24,1
2023-11-27,16.65999984741211,16.770000457763672,16.100000381469727,16.3799991607666,24763900,16.54199991226196,18.669799957275387,46.90899533853376,34,1
2023-11-28,17.420000076293945,17.43000030517578,16.170000076293945,16.709999084472656,37881900,16.62699990272522,18.543999977111813,51.88238629154272,34,0
2023-11-29,17.31999969482422,18.270000457763672,17.260000228881836,17.700000762939453,47888100,16.681999921798706,18.43559997558593,51.20271756872799,34,0
2023-11-30,16.760000228881836,17.59000015258789,16.690000534057617,17.5,28376600,16.713499975204467,18.32279998779296,47.45369531020104,34,1
2023-12-01,18.030000686645508,18.084999084472656,16.6200008392334,16.80500030517578,39709100,16.735500001907347,18.25279998779296,55.42481156379729,34,0
2023-12-04,17.739999771118164,18.25,17.510000228881836,17.760000228881836,31666400,16.73700003623962,18.19579998016357,53.43159150800161,38,0
2023-12-05,17.40999984741211,18.020000457763672,17.291000366210938,17.600000381469727,23840400,16.74850001335144,18.121399993896485,51.17621854757299,38,1
2023-12-06,18.3799991607666,19.420000076293945,17.399999618530273,17.649999618530273,59282800,16.796499967575073,18.04379997253418,56.93098226636437,38,1
2023-12-07,19.190000534057617,19.229999542236328,18.299999237060547,18.950000762939453,37583000,16.905999994277956,17.966599998474123,61.05866176084127,38,0
2023-12-08,19.040000915527344,19.549999237060547,18.6200008392334,19.040000915527344,34974800,17.09150004386902,17.88580001831055,59.9135312118127,38,0
2023-12-11,18.950000762939453,19.290000915527344,18.770000457763672,19.11000061035156,17753000,17.26900010108948,17.779200019836427,59.19616802201706,46,0
2023-12-12,18.209999084472656,18.90999984741211,17.75,18.90999984741211,33865500,17.37000002861023,17.67020000457764,53.52178198772902,46,1
2023-12-13,19.68000030517578,19.690000534057617,17.940000534057617,18.100000381469727,46247700,17.50900006294251,17.630000000000003,61.43099682325132,46,1
2023-12-14,22.43000030517578,22.53499984741211,20.299999237060547,20.315000534057617,82961200,17.76850008964539,17.604799995422365,71.27790181897161,46,1
2023-12-15,22.82999992370605,22.9950008392334,21.64999961853028,22.75,59197300,18.09050011634827,17.69599998474121,72.38238491231859,46,1
2023-12-18,23.799999237060547,24.170000076293945,22.520000457763672,22.600000381469727,46402300,18.445500040054323,17.793599967956542,74.90276120529413,43,1
2023-12-19,24.350000381469727,24.520000457763672,23.81999969482422,23.959999084472656,37545500,18.81650004386902,17.904999961853026,76.22750191990767,43,0
2023-12-20,23.18000030517578,24.565000534057617,23.14999961853028,24.049999237060547,38421000,19.18950004577637,17.975799980163572,68.00417598403148,43,1
2023-12-21,23.57999992370605,24.1200008392334,23.39999961853028,23.540000915527344,27720800,19.56950006484986,18.059999961853027,69.22645867965333,43,0
2023-12-22,23.209999084472656,23.78700065612793,22.799999237060547,23.729999542236328,23996800,19.9085000038147,18.13759994506836,66.68865435255762,43,1
2023-12-26,23.59000015258789,24.614999771118164,23.309999465942383,23.46999931335449,30450100,20.25500001907349,18.22339996337891,67.98668072276922,30,1
2023-12-27,23.729999542236328,23.81999969482422,23.13999938964844,23.799999237060547,22593300,20.570499992370603,18.304799957275392,68.47408026009296,30,0
2023-12-28,23.540000915527344,24.299999237060547,23.5,23.68000030517578,25289500,20.88150005340576,18.377599983215337,66.98358097849159,30,0
