Price,Close,High,Low,Open,Volume
Ticker,SPCE,SPCE,SPCE,SPCE,SPCE
Date,,,,,
2019-01-02,200.39999389648438,200.60000610351562,199.60000610351562,199.60000610351562,1615
2019-01-03,200.0,200.60000610351562,199.8000030517578,200.3800048828125,5230
2019-01-04,200.8000030517578,200.8000030517578,199.8000030517578,200.8000030517578,15290
2019-01-07,200.60000610351562,201.8000030517578,200.44000244140625,201.8000030517578,2260
2019-01-08,200.8000030517578,202.0,200.39999389648438,201.60000610351562,2395
2019-01-09,201.1999969482422,201.8000030517578,200.60000610351562,201.8000030517578,1110
2019-01-10,200.8000030517578,201.39999389648438,200.39999389648438,200.39999389648438,2280
2019-01-11,200.8000030517578,201.0,200.60000610351562,200.8000030517578,15620
2019-01-14,200.60000610351562,201.0,200.60000610351562,201.0,905
2019-01-15,200.60000610351562,201.1999969482422,200.60000610351562,200.66000366210938,10695
2019-01-16,201.1999969482422,201.60000610351562,200.8000030517578,201.39999389648438,1770
2019-01-17,200.8000030517578,201.1999969482422,200.60000610351562,200.8000030517578,715
2019-01-18,201.1999969482422,201.1999969482422,200.39999389648438,200.8000030517578,6380
2019-01-22,200.60000610351562,201.1999969482422,200.39999389648438,201.1999969482422,15990
2019-01-23,201.1999969482422,201.39999389648438,200.60000610351562,200.60000610351562,1175
2019-01-24,201.1999969482422,201.39999389648438,200.8000030517578,200.8000030517578,41030
2019-01-25,201.0,201.8000030517578,200.8000030517578,201.0,135
2019-01-28,201.60000610351562,201.60000610351562,200.8000030517578,200.8000030517578,1700
2019-01-29,201.0,201.60000610351562,200.8000030517578,201.0,1155
2019-01-30,201.3800048828125,201.3800048828125,201.3800048828125,201.3800048828125,35
2019-01-31,201.0,201.60000610351562,201.0,201.1999969482422,485
2019-02-01,202.0,202.0,201.1999969482422,201.8000030517578,740
2019-02-04,201.1999969482422,202.1999969482422,201.1999969482422,201.97999572753906,750
2019-02-05,201.8000030517578,201.8000030517578,201.1999969482422,201.8000030517578,75
2019-02-06,201.39999389648438,202.0,201.39999389648438,201.39999389648438,3040
2019-02-07,201.8000030517578,202.8000030517578,201.60000610351562,202.0,2635
2019-02-08,202.0,202.8000030517578,201.60000610351562,202.39999389648438,310
2019-02-11,201.60000610351562,202.1999969482422,201.60000610351562,201.8000030517578,515
2019-02-12,201.8000030517578,202.39999389648438,201.8000030517578,202.39999389648438,5255
2019-02-13,202.0,202.10000610351562,202.0,202.0,2580
2019-02-14,201.8000030517578,202.39999389648438,201.39999389648438,201.39999389648438,8865
2019-02-15,202.0,202.17999267578125,202.0,202.0,1005
2019-02-19,202.0,202.8000030517578,201.8000030517578,201.8000030517578,21420
2019-02-20,202.8000030517578,203.0,202.0,202.1999969482422,12875
2019-02-21,203.60000610351562,203.8000030517578,202.0,202.39999389648438,1830
2019-02-22,203.1999969482422,203.36000061035156,202.39999389648438,202.8000030517578,105
2019-02-25,202.1999969482422,203.39999389648438,202.10000610351562,202.39999389648438,945
2019-02-26,202.60000610351562,202.60000610351562,202.1999969482422,202.1999969482422,20
2019-02-27,202.1999969482422,203.0,202.0,203.0,2145
2019-02-28,202.39999389648438,202.39999389648438,202.1999969482422,202.1999969482422,675
2019-03-01,202.1999969482422,202.60000610351562,202.0,202.0,1905
2019-03-04,202.8000030517578,203.1999969482422,202.1999969482422,202.1999969482422,1500
2019-03-05,202.60000610351562,203.1999969482422,202.1999969482422,203.1999969482422,195
2019-03-06,203.0,203.0,202.1999969482422,202.39999389648438,1350
2019-03-07,202.1999969482422,203.39999389648438,202.1999969482422,203.39999389648438,22375
2019-03-08,202.5,203.0,202.5,202.8000030517578,300
2019-03-11,202.8000030517578,203.1999969482422,202.39999389648438,202.39999389648438,4665
2019-03-12,202.8000030517578,203.0,202.60000610351562,203.0,65910
2019-03-13,202.8000030517578,202.8000030517578,202.8000030517578,202.8000030517578,250
2019-03-14,202.8000030517578,203.0,202.8000030517578,202.8800048828125,8840
2019-03-15,202.60000610351562,202.8000030517578,202.60000610351562,202.60000610351562,7915
2019-03-18,202.82000732421875,202.82000732421875,202.39999389648438,202.39999389648438,1720
2019-03-19,203.0,203.0,202.8000030517578,203.0,12370
2019-03-20,202.8000030517578,202.89999389648438,202.60000610351562,202.8000030517578,145
2019-03-21,203.60000610351562,203.60000610351562,202.8000030517578,202.8000030517578,13485
2019-03-22,203.39999389648438,203.39999389648438,203.3000030517578,203.39999389648438,5350
2019-03-25,203.39999389648438,203.60000610351562,203.0,203.60000610351562,3315
2019-03-26,203.1999969482422,203.8000030517578,203.1999969482422,203.39999389648438,10295
2019-03-27,203.39999389648438,203.8000030517578,203.39999389648438,203.60000610351562,2175
2019-03-28,203.8000030517578,203.8000030517578,203.1999969482422,203.8000030517578,115
2019-03-29,203.8000030517578,203.8000030517578,203.3000030517578,203.8000030517578,495
2019-04-01,203.8000030517578,203.8000030517578,203.36000061035156,203.36000061035156,5815
2019-04-02,204.10000610351562,204.39999389648438,203.89999389648438,204.0,5780
2019-04-03,203.8000030517578,204.1999969482422,203.8000030517578,204.0,2390
2019-04-04,204.1999969482422,204.1999969482422,203.60000610351562,203.60000610351562,17825
2019-04-05,204.0,204.4600067138672,204.0,204.39999389648438,3170
2019-04-08,203.89999389648438,204.8000030517578,203.8000030517578,204.8000030517578,250
2019-04-09,204.0,204.60000610351562,203.60000610351562,203.60000610351562,990
2019-04-10,203.8000030517578,204.39999389648438,203.60000610351562,204.39999389648438,105
2019-04-11,204.39999389648438,204.60000610351562,203.8000030517578,203.83999633789062,1220
2019-04-12,204.8000030517578,204.8000030517578,204.0,204.8000030517578,26315
2019-04-15,204.60000610351562,205.0,204.1999969482422,204.39999389648438,1480
2019-04-16,204.60000610351562,205.0,204.0,204.0,4715
2019-04-17,204.60000610351562,204.8000030517578,204.60000610351562,204.8000030517578,75
2019-04-18,205.39999389648438,205.39999389648438,204.6999969482422,204.8000030517578,1485
2019-04-22,204.60000610351562,205.39999389648438,204.60000610351562,205.39999389648438,810
2019-04-23,204.60000610351562,205.0,204.60000610351562,204.60000610351562,3895
2019-04-24,204.8000030517578,205.0,204.39999389648438,204.74000549316406,66345
2019-04-25,205.0,205.0,204.60000610351562,204.8000030517578,1380
2019-04-26,205.0,205.0,204.8000030517578,205.0,435
2019-04-29,204.8000030517578,205.39999389648438,204.60000610351562,205.39999389648438,1525
2019-04-30,204.60000610351562,207.0,204.60000610351562,204.8000030517578,113140
2019-05-01,205.39999389648438,205.4199981689453,204.60000610351562,204.8000030517578,230240
2019-05-02,206.39999389648438,207.0,205.60000610351562,205.60000610351562,73835
2019-05-03,206.1999969482422,207.0,205.8000030517578,207.0,3780
2019-05-06,206.60000610351562,206.60000610351562,205.39999389648438,205.39999389648438,11135
2019-05-07,206.8000030517578,207.0,206.39999389648438,207.0,4580
2019-05-08,206.60000610351562,206.8000030517578,206.1999969482422,206.8000030517578,1215
2019-05-09,206.39999389648438,206.8000030517578,206.39999389648438,206.60000610351562,7180
2019-05-10,206.39999389648438,206.8000030517578,206.0,206.60000610351562,14665
2019-05-13,206.39999389648438,206.8000030517578,205.60000610351562,205.60000610351562,26990
2019-05-14,206.0,206.60000610351562,206.0,206.1999969482422,21740
2019-05-15,206.8000030517578,206.8000030517578,206.13999938964844,206.13999938964844,1140
2019-05-16,206.8000030517578,207.0,206.39999389648438,207.0,3220
2019-05-17,206.0,206.8000030517578,206.0,206.8000030517578,4175
2019-05-20,206.0,206.8000030517578,206.0,206.39999389648438,170
2019-05-21,206.39999389648438,206.60000610351562,206.1999969482422,206.1999969482422,500
2019-05-22,206.60000610351562,206.60000610351562,206.0,206.39999389648438,2460
2019-05-23,206.39999389648438,206.8000030517578,206.39999389648438,206.8000030517578,905
2019-05-24,206.1999969482422,206.8000030517578,206.0,206.60000610351562,12880
2019-05-28,206.8000030517578,206.8000030517578,206.1999969482422,206.8000030517578,560
2019-05-29,206.8000030517578,206.8000030517578,206.0,206.0,525
2019-05-30,206.39999389648438,206.8000030517578,206.0,206.60000610351562,1010
2019-05-31,206.8000030517578,207.0,206.0,206.1999969482422,3060
2019-06-03,206.60000610351562,207.0,206.39999389648438,206.39999389648438,8015
2019-06-04,206.1999969482422,207.0,206.1999969482422,207.0,585
2019-06-05,206.1999969482422,207.0,206.1999969482422,206.8000030517578,1255
2019-06-06,206.39999389648438,207.0,206.1999969482422,206.8000030517578,2170
2019-06-07,206.39999389648438,206.8000030517578,206.1999969482422,206.1999969482422,155
2019-06-10,206.39999389648438,207.0,206.39999389648438,206.39999389648438,550
2019-06-11,206.1999969482422,207.0,206.1999969482422,206.1999969482422,3200
2019-06-12,206.39999389648438,206.8000030517578,206.39999389648438,206.39999389648438,990
2019-06-13,206.1999969482422,206.8000030517578,205.1999969482422,206.39999389648438,3970
2019-06-14,206.1999969482422,206.60000610351562,205.8000030517578,205.8000030517578,345
2019-06-17,206.8000030517578,206.8000030517578,206.0,206.0,3520
2019-06-18,207.1999969482422,208.10000610351562,206.60000610351562,206.8000030517578,3685
2019-06-19,207.60000610351562,207.60000610351562,207.0,207.60000610351562,2335
2019-06-20,207.60000610351562,207.8000030517578,206.0,207.60000610351562,8840
2019-06-21,208.60000610351562,209.0,207.8000030517578,207.8000030517578,8760
2019-06-24,207.8000030517578,208.8000030517578,207.60000610351562,208.8000030517578,3110
2019-06-25,208.0,208.60000610351562,207.02000427246094,207.8000030517578,8065
2019-06-26,208.0,208.0,207.1999969482422,208.0,2075
2019-06-27,208.1999969482422,208.60000610351562,207.39999389648438,208.60000610351562,7435
2019-06-28,208.6999969482422,209.25999450683594,207.8000030517578,208.39999389648438,13825
2019-07-01,208.0,210.0,208.0,210.0,13860
2019-07-02,208.0,208.1999969482422,207.1999969482422,207.4199981689453,22055
2019-07-03,208.0,208.1999969482422,207.60000610351562,207.60000610351562,5880
2019-07-05,208.60000610351562,208.8000030517578,207.60000610351562,207.60000610351562,2455
2019-07-08,208.60000610351562,208.8000030517578,208.0,208.8000030517578,21805
2019-07-09,213.8000030517578,219.39999389648438,210.60000610351562,218.60000610351562,946955
2019-07-10,215.60000610351562,216.8000030517578,213.60000610351562,216.0,406865
2019-07-11,211.8000030517578,215.8000030517578,211.39999389648438,215.0,127040
2019-07-12,212.60000610351562,214.0,211.1999969482422,213.0,136540
2019-07-15,211.60000610351562,214.0,211.02000427246094,213.60000610351562,32910
2019-07-16,210.1999969482422,212.0,209.60000610351562,212.0,104805
2019-07-17,209.39999389648438,210.60000610351562,208.8000030517578,210.39999389648438,123395
2019-07-18,209.60000610351562,210.0,208.8000030517578,210.0,81925
2019-07-19,209.8000030517578,210.1999969482422,209.1999969482422,209.39999389648438,34235
2019-07-22,209.0,209.8000030517578,208.8000030517578,209.8000030517578,10090
2019-07-23,209.0,209.39999389648438,207.89999389648438,209.0,177875
2019-07-24,209.60000610351562,210.0,208.8000030517578,209.1999969482422,19590
2019-07-25,209.0,210.0,209.0,209.39999389648438,68255
2019-07-26,209.39999389648438,210.0,209.0,209.0,9535
2019-07-29,209.1999969482422,210.8000030517578,208.39999389648438,210.0,19700
2019-07-30,209.39999389648438,210.39999389648438,209.0,210.0,23145
2019-07-31,209.39999389648438,209.8000030517578,208.60000610351562,209.8000030517578,36645
2019-08-01,209.1999969482422,209.60000610351562,208.60000610351562,209.60000610351562,39235
2019-08-02,208.60000610351562,209.39999389648438,208.60000610351562,209.39999389648438,10690
2019-08-05,208.60000610351562,209.39999389648438,208.1999969482422,208.60000610351562,20700
2019-08-06,208.60000610351562,209.0,208.1999969482422,208.39999389648438,28875
2019-08-07,208.39999389648438,209.0,208.10000610351562,209.0,21500
2019-08-08,208.39999389648438,209.1999969482422,208.3000030517578,208.39999389648438,35060
2019-08-09,208.8000030517578,208.8000030517578,208.1999969482422,208.39999389648438,29300
2019-08-12,208.1999969482422,208.8000030517578,208.1999969482422,208.8000030517578,16325
2019-08-13,208.1999969482422,208.39999389648438,208.1999969482422,208.1999969482422,6695
2019-08-14,208.1999969482422,208.60000610351562,208.1999969482422,208.1999969482422,26490
2019-08-15,208.0,208.8000030517578,208.0,208.1999969482422,56655
2019-08-16,207.39999389648438,208.1999969482422,207.39999389648438,208.0,89105
2019-08-19,207.1999969482422,207.8000030517578,207.1999969482422,207.60000610351562,28450
2019-08-20,207.1999969482422,207.47999572753906,207.1999969482422,207.1999969482422,12785
2019-08-21,207.60000610351562,207.60000610351562,207.1999969482422,207.1999969482422,9920
2019-08-22,207.39999389648438,207.60000610351562,207.1999969482422,207.60000610351562,8335
2019-08-23,207.60000610351562,207.6999969482422,207.39999389648438,207.60000610351562,11900
2019-08-26,207.1999969482422,207.60000610351562,206.8000030517578,207.1999969482422,142655
2019-08-27,207.0,207.1999969482422,206.5,207.0,11490
2019-08-28,206.8000030517578,207.1999969482422,206.8000030517578,207.1999969482422,7105
2019-08-29,206.8000030517578,207.39999389648438,206.77999877929688,206.8000030517578,8755
2019-08-30,207.0,207.39999389648438,206.60000610351562,207.39999389648438,65485
2019-09-03,206.8000030517578,207.60000610351562,206.4199981689453,207.1999969482422,107870
2019-09-04,206.8000030517578,207.0,206.1999969482422,207.0,13515
2019-09-05,206.8000030517578,207.1999969482422,206.60000610351562,206.8000030517578,37980
2019-09-06,206.60000610351562,207.1999969482422,206.39999389648438,206.8000030517578,107630
2019-09-09,207.1999969482422,207.1999969482422,206.60000610351562,207.0,5065
2019-09-10,207.39999389648438,207.8000030517578,206.89999389648438,207.0,93665
2019-09-11,207.60000610351562,207.60000610351562,207.1999969482422,207.60000610351562,65225
2019-09-12,207.39999389648438,207.60000610351562,207.1999969482422,207.1999969482422,11825
2019-09-13,208.39999389648438,209.39999389648438,207.39999389648438,207.60000610351562,74655
2019-09-16,209.0,210.39999389648438,207.8000030517578,207.8000030517578,129520
2019-09-17,208.39999389648438,209.39999389648438,208.39999389648438,209.1999969482422,44870
2019-09-18,212.0,212.89999389648438,208.0,208.0,229445
2019-09-19,211.60000610351562,212.1999969482422,211.39999389648438,212.1999969482422,49280
2019-09-20,212.0,212.0,210.8000030517578,210.8000030517578,76855
2019-09-23,211.8000030517578,212.0,211.1999969482422,212.0,26805
2019-09-24,211.39999389648438,212.0,211.0,211.8000030517578,40105
2019-09-25,210.8000030517578,211.6999969482422,210.39999389648438,210.60000610351562,73410
2019-09-26,212.60000610351562,213.8000030517578,211.0,211.0,142665
2019-09-27,214.0,214.0,212.8000030517578,213.1999969482422,240895
2019-09-30,214.0,214.0,213.3800048828125,214.0,37075
2019-10-01,213.8000030517578,214.5,212.8000030517578,212.8000030517578,132655
2019-10-02,214.0,214.22000122070312,212.1999969482422,213.0,186200
2019-10-03,217.1999969482422,219.1999969482422,213.0,214.0,375225
2019-10-04,219.8000030517578,220.60000610351562,216.60000610351562,217.1999969482422,148945
2019-10-07,218.8000030517578,220.8000030517578,218.39999389648438,220.8000030517578,87415
2019-10-08,218.39999389648438,224.60000610351562,216.8000030517578,224.60000610351562,166815
2019-10-09,216.1999969482422,219.8000030517578,215.60000610351562,219.60000610351562,46930
2019-10-10,210.60000610351562,216.8000030517578,210.0,215.39999389648438,210375
2019-10-11,209.0,211.8000030517578,208.39999389648438,209.8000030517578,115955
2019-10-14,207.60000610351562,210.0,207.0,210.0,72770
2019-10-15,207.8000030517578,208.8000030517578,207.39999389648438,207.39999389648438,219295
2019-10-16,207.1999969482422,208.39999389648438,207.0,208.39999389648438,116080
2019-10-17,207.0,207.8000030517578,207.0,207.1999969482422,153750
2019-10-18,207.60000610351562,207.8000030517578,206.8000030517578,207.60000610351562,164195
2019-10-21,207.60000610351562,208.1999969482422,207.1999969482422,208.1999969482422,49000
2019-10-22,210.39999389648438,218.39999389648438,208.4199981689453,209.1999969482422,83845
2019-10-23,210.0,212.39999389648438,205.0,212.39999389648438,88880
2019-10-24,212.0,216.10000610351562,210.39999389648438,214.39999389648438,109880
2019-10-25,235.8000030517578,236.1999969482422,213.1999969482422,215.0,321835
2019-10-28,235.8000030517578,235.8000030517578,235.8000030517578,235.8000030517578,0
2019-10-29,219.8000030517578,241.8000030517578,210.0,240.8000030517578,316200
2019-10-30,212.1999969482422,223.1999969482422,210.0,221.8000030517578,139760
2019-10-31,188.1999969482422,209.1999969482422,179.10000610351562,209.1999969482422,315215
2019-11-01,192.8000030517578,194.1999969482422,181.8000030517578,188.1999969482422,128645
2019-11-04,187.0,195.60000610351562,185.0,195.1999969482422,111965
2019-11-05,193.60000610351562,196.8000030517578,171.1999969482422,190.8000030517578,260920
2019-11-06,193.0,196.0,189.1999969482422,194.39999389648438,68510
2019-11-07,196.0,197.5,190.8000030517578,193.39999389648438,57145
2019-11-08,199.8000030517578,200.0,196.39999389648438,197.60000610351562,74370
2019-11-11,204.0,207.0,200.60000610351562,206.39999389648438,76180
2019-11-12,202.0,205.0,200.1999969482422,205.0,52635
2019-11-13,194.39999389648438,202.8000030517578,192.60000610351562,201.0,74670
2019-11-14,193.1999969482422,195.39999389648438,190.1999969482422,194.0,40340
2019-11-15,193.60000610351562,194.0,189.39999389648438,194.0,44815
2019-11-18,190.60000610351562,193.8000030517578,190.1999969482422,193.6999969482422,25170
2019-11-19,187.8000030517578,192.1999969482422,186.39999389648438,190.0,26640
2019-11-20,182.0,189.60000610351562,179.60000610351562,188.0,75690
2019-11-21,168.60000610351562,186.8000030517578,166.0399932861328,186.0,169875
2019-11-22,152.0,172.36000061035156,145.1999969482422,170.60000610351562,331250
2019-11-25,144.39999389648438,154.39999389648438,138.0,153.60000610351562,292575
2019-11-26,145.1999969482422,150.1999969482422,143.1999969482422,143.8000030517578,93095
2019-11-27,146.39999389648438,149.39999389648438,141.39999389648438,145.0,76740
2019-11-29,145.0,149.60000610351562,143.60000610351562,149.60000610351562,38835
2019-12-02,148.8000030517578,150.39999389648438,142.72000122070312,146.60000610351562,66665
2019-12-03,149.1999969482422,150.0,145.8000030517578,148.1999969482422,59145
2019-12-04,144.39999389648438,150.8000030517578,144.0,150.39999389648438,61400
2019-12-05,144.39999389648438,149.60000610351562,144.10000610351562,146.0,57040
2019-12-06,145.1999969482422,146.8000030517578,144.39999389648438,146.8000030517578,42645
2019-12-09,168.39999389648438,175.0,157.0,157.39999389648438,486080
2019-12-10,179.39999389648438,194.0,176.0,176.0,576205
2019-12-11,186.8000030517578,188.39999389648438,181.0,184.1999969482422,248675
2019-12-12,183.39999389648438,191.60000610351562,177.1999969482422,191.0,207710
2019-12-13,180.60000610351562,185.5,175.0,183.8000030517578,107145
2019-12-16,185.8000030517578,187.60000610351562,179.60000610351562,180.0,179975
2019-12-17,186.8000030517578,187.60000610351562,184.02000427246094,185.1999969482422,153320
2019-12-18,191.1999969482422,193.39999389648438,186.0,186.0,190975
2019-12-19,207.39999389648438,210.0,190.1999969482422,190.1999969482422,315925
2019-12-20,215.39999389648438,217.8000030517578,204.0,210.0,497690
2019-12-23,219.0,220.0,211.39999389648438,219.8000030517578,188095
2019-12-24,228.1999969482422,229.8000030517578,220.1999969482422,221.0,125665
2019-12-26,218.0,237.39999389648438,211.8000030517578,230.0,289665
2019-12-27,231.1999969482422,234.0,212.39999389648438,217.39999389648438,342620
2019-12-30,229.8000030517578,234.39999389648438,221.60000610351562,232.0,207990
2019-12-31,231.0,232.8000030517578,226.0,226.39999389648438,101505
2020-01-02,235.8000030517578,237.8000030517578,228.60000610351562,234.0,196035
2020-01-03,236.1999969482422,238.0,230.0,230.8000030517578,115590
2020-01-06,227.60000610351562,236.9600067138672,221.0,236.1999969482422,155035
2020-01-07,227.1999969482422,229.0,221.22000122070312,228.0,85925
2020-01-08,228.39999389648438,230.0,222.1999969482422,222.39999389648438,92150
2020-01-09,240.8000030517578,243.39999389648438,228.8000030517578,230.39999389648438,301760
2020-01-10,256.6000061035156,260.0,246.39999389648438,246.39999389648438,303945
2020-01-13,274.0,282.20001220703125,260.0,260.6000061035156,483490
2020-01-14,279.3999938964844,287.6000061035156,274.0,285.3999938964844,379400
2020-01-15,296.79998779296875,319.3999938964844,275.0,282.3999938964844,715645
2020-01-16,298.79998779296875,320.20001220703125,291.20001220703125,315.20001220703125,615460
2020-01-17,312.79998779296875,316.0,295.20001220703125,300.79998779296875,328955
2020-01-21,346.0,352.0,324.20001220703125,326.20001220703125,765140
2020-01-22,394.3999938964844,396.79998779296875,362.0,368.6000061035156,1757970
2020-01-23,382.3999938964844,394.6000061035156,352.20001220703125,378.6000061035156,1217085
2020-01-24,344.20001220703125,385.0,324.6000061035156,372.0,990810
2020-01-27,348.79998779296875,360.0,312.20001220703125,318.0,641930
2020-01-28,359.3999938964844,370.0,352.0,359.20001220703125,547320
2020-01-29,351.6000061035156,363.20001220703125,342.20001220703125,363.20001220703125,319765
2020-01-30,342.0,355.3999938964844,331.6000061035156,342.20001220703125,365715
2020-01-31,343.0,356.6000061035156,337.0,340.5799865722656,312395
2020-02-03,372.20001220703125,378.79998779296875,343.0,343.0,419640
2020-02-04,393.79998779296875,400.0,375.29998779296875,386.20001220703125,729165
2020-02-05,373.79998779296875,401.79998779296875,360.79998779296875,400.20001220703125,465160
2020-02-06,370.3999938964844,379.3999938964844,361.0,369.20001220703125,240980
2020-02-07,378.6000061035156,385.0,365.6000061035156,369.20001220703125,351795
2020-02-10,411.0,413.6000061035156,380.0,386.20001220703125,763615
2020-02-11,438.79998779296875,445.6000061035156,415.0,432.3999938964844,804595
2020-02-12,461.6000061035156,489.6000061035156,421.0,443.79998779296875,1390475
2020-02-13,473.20001220703125,493.79998779296875,454.5,455.0,1095515
2020-02-14,573.5999755859375,575.7999877929688,481.20001220703125,491.20001220703125,2280460
2020-02-18,606.0,774.4000244140625,574.2000122070312,643.4000244140625,5185790
2020-02-19,747.0,750.0,640.0,686.0,4244555
2020-02-20,745.2000122070312,849.7999877929688,611.2000122070312,775.7999877929688,6795100
2020-02-21,677.4000244140625,720.0,651.0,688.4000244140625,2261005
2020-02-24,685.7999877929688,731.4000244140625,582.0,592.0,2305510
2020-02-25,680.7999877929688,746.0,660.0,743.5999755859375,2204635
2020-02-26,575.0,693.7999877929688,552.0,636.0,1995135
2020-02-27,439.3999938964844,500.0,382.20001220703125,473.79998779296875,2399385
2020-02-28,492.0,515.7999877929688,385.0,399.20001220703125,1772635
2020-03-02,519.5999755859375,560.0,501.0,548.7999877929688,1179940
2020-03-03,494.20001220703125,549.0,475.20001220703125,538.0,1004905
2020-03-04,475.20001220703125,515.0,457.20001220703125,510.3999938964844,773320
2020-03-05,481.79998779296875,486.79998779296875,440.6000061035156,453.6000061035156,706205
2020-03-06,433.3999938964844,465.6000061035156,420.0,449.20001220703125,643390
2020-03-09,388.79998779296875,407.3999938964844,340.0,367.79998779296875,665385
2020-03-10,368.79998779296875,422.3999938964844,360.0,416.20001220703125,620305
2020-03-11,328.20001220703125,365.20001220703125,310.0,358.3999938964844,685070
2020-03-12,276.20001220703125,321.79998779296875,262.6000061035156,265.6000061035156,764345
2020-03-13,293.79998779296875,315.6000061035156,269.6000061035156,310.3999938964844,602235
2020-03-16,238.1999969482422,272.0,234.39999389648438,243.8000030517578,544815
2020-03-17,253.1999969482422,268.6000061035156,223.8000030517578,247.1999969482422,605910
2020-03-18,211.1999969482422,235.39999389648438,181.1999969482422,230.60000610351562,718120
2020-03-19,209.8000030517578,228.0,188.0,201.60000610351562,542525
2020-03-20,224.60000610351562,294.79998779296875,219.72000122070312,229.1999969482422,1069215
2020-03-23,259.3999938964844,266.79998779296875,220.1999969482422,234.60000610351562,839275
2020-03-24,326.3999938964844,348.79998779296875,292.6199951171875,311.79998779296875,1572285
2020-03-25,320.0,367.79998779296875,308.0,355.79998779296875,1150655
2020-03-26,341.20001220703125,363.6000061035156,314.6000061035156,328.79998779296875,899865
2020-03-27,307.6000061035156,328.0,302.20001220703125,328.0,545970
2020-03-30,295.20001220703125,315.0,288.3999938964844,308.20001220703125,468240
2020-03-31,295.6000061035156,319.20001220703125,291.0,297.3999938964844,464415
2020-04-01,266.0,288.6000061035156,257.6000061035156,278.3999938964844,471185
2020-04-02,259.20001220703125,276.0,248.0,258.79998779296875,429880
2020-04-03,243.8000030517578,270.0,242.0,259.3999938964844,381950
2020-04-06,286.0,289.79998779296875,260.79998779296875,269.20001220703125,576610
2020-04-07,281.3999938964844,321.3999938964844,276.3999938964844,314.6000061035156,698300
2020-04-08,307.20001220703125,313.20001220703125,282.20001220703125,289.0,614570
2020-04-09,305.3999938964844,328.0,298.3999938964844,320.0,528455
2020-04-13,309.20001220703125,315.6000061035156,296.20001220703125,311.79998779296875,329650
2020-04-14,380.6000061035156,405.79998779296875,319.20001220703125,320.6000061035156,1913180
2020-04-15,399.6000061035156,421.3999938964844,352.3999938964844,362.20001220703125,1583880
2020-04-16,366.0,416.0,354.2200012207031,407.20001220703125,1047200
2020-04-17,378.0,392.0,370.0,384.20001220703125,451435
2020-04-20,380.0,397.0,358.20001220703125,365.3999938964844,581415
2020-04-21,337.3999938964844,378.0,331.20001220703125,361.79998779296875,575400
2020-04-22,345.3999938964844,355.79998779296875,336.20001220703125,354.20001220703125,432810
2020-04-23,333.20001220703125,353.3999938964844,327.6000061035156,346.6000061035156,390285
2020-04-24,340.3999938964844,344.5199890136719,320.0,333.3999938964844,397545
2020-04-27,357.79998779296875,369.2200012207031,331.3999938964844,345.20001220703125,705330
2020-04-28,351.20001220703125,376.6000061035156,346.6000061035156,368.20001220703125,509545
2020-04-29,364.6000061035156,377.20001220703125,356.0,357.79998779296875,469725
2020-04-30,352.3999938964844,363.3999938964844,344.3999938964844,360.0,330170
2020-05-01,358.3999938964844,362.0,311.0,340.20001220703125,771075
2020-05-04,333.6000061035156,349.6000061035156,318.0,339.20001220703125,331625
2020-05-05,332.3999938964844,347.3999938964844,327.3999938964844,339.6000061035156,383920
2020-05-06,370.0,379.0,334.0,355.0,1189065
2020-05-07,396.79998779296875,420.0,371.3999938964844,379.3999938964844,1246380
2020-05-08,403.6000061035156,430.6000061035156,376.0,408.3999938964844,1181600
2020-05-11,388.0,399.79998779296875,370.0,378.20001220703125,654615
2020-05-12,352.0,397.79998779296875,351.0,388.79998779296875,637080
2020-05-13,330.79998779296875,353.0,323.20001220703125,350.3999938964844,449310
2020-05-14,317.6000061035156,326.20001220703125,301.0,325.0,467525
2020-05-15,312.3999938964844,329.20001220703125,309.5,312.0,399620
2020-05-18,320.0,336.0,318.0,334.0,431515
2020-05-19,317.3999938964844,328.6000061035156,312.3999938964844,320.20001220703125,334425
2020-05-20,297.20001220703125,311.6000061035156,296.20001220703125,304.79998779296875,1012995
2020-05-21,294.20001220703125,305.6000061035156,292.0,301.0,473000
2020-05-22,314.79998779296875,318.3999938964844,292.3999938964844,299.20001220703125,670565
2020-05-26,326.6000061035156,337.0,308.3999938964844,323.20001220703125,808050
2020-05-27,350.3999938964844,354.79998779296875,321.0,340.20001220703125,1046365
2020-05-28,329.3999938964844,345.0,326.0,340.0,492240
2020-05-29,340.79998779296875,343.79998779296875,326.0,328.20001220703125,529625
2020-06-01,350.3999938964844,374.0,345.20001220703125,367.20001220703125,1127800
2020-06-02,316.3999938964844,337.79998779296875,315.20001220703125,337.79998779296875,1218200
2020-06-03,327.79998779296875,335.79998779296875,304.0,307.0,1495005
2020-06-04,317.20001220703125,328.79998779296875,315.20001220703125,324.20001220703125,679065
2020-06-05,315.3999938964844,325.3999938964844,313.20001220703125,324.20001220703125,659315
2020-06-08,345.79998779296875,347.3999938964844,320.0,322.79998779296875,1067260
2020-06-09,332.79998779296875,345.79998779296875,325.6000061035156,345.0,554355
2020-06-10,323.20001220703125,335.7799987792969,317.20001220703125,333.3999938964844,499820
2020-06-11,289.20001220703125,313.20001220703125,286.0,304.79998779296875,875850
2020-06-12,299.79998779296875,304.79998779296875,286.20001220703125,302.6000061035156,573035
2020-06-15,306.3999938964844,310.70001220703125,284.20001220703125,289.0,517510
2020-06-16,307.0,321.6000061035156,301.3999938964844,320.3999938964844,431240
2020-06-17,299.6000061035156,314.6000061035156,298.3999938964844,305.6000061035156,348360
2020-06-18,304.0,309.1000061035156,295.3999938964844,298.3999938964844,356110
2020-06-19,300.0,313.3999938964844,298.79998779296875,306.0,736650
2020-06-22,347.79998779296875,354.0,322.3999938964844,354.0,2637890
2020-06-23,329.0,351.6000061035156,328.0,349.0,982960
2020-06-24,310.0,332.20001220703125,306.0,324.79998779296875,660615
2020-06-25,305.0,316.6000061035156,300.3999938964844,314.0,725800
2020-06-26,311.0,322.0,301.6000061035156,322.0,1008650
2020-06-29,308.3999938964844,311.79998779296875,293.0,308.0,646520
2020-06-30,326.79998779296875,328.0,299.0,304.20001220703125,699280
2020-07-01,334.0,337.79998779296875,317.20001220703125,334.0,748050
2020-07-02,325.0,346.79998779296875,323.3999938964844,335.6000061035156,588395
2020-07-06,339.0,341.79998779296875,321.0,331.6000061035156,695075
2020-07-07,331.0,336.79998779296875,323.0199890136719,332.6000061035156,410200
2020-07-08,335.79998779296875,336.3999938964844,324.0,332.20001220703125,436130
2020-07-09,389.20001220703125,389.79998779296875,341.6000061035156,342.0,2574895
2020-07-10,385.0,399.6000061035156,365.3999938964844,386.3999938964844,1388450
2020-07-13,362.0,419.79998779296875,354.239990234375,391.0,1800885
2020-07-14,368.6000061035156,372.20001220703125,341.0,362.2200012207031,790130
2020-07-15,371.0,382.79998779296875,361.20001220703125,379.3999938964844,582490
2020-07-16,421.3999938964844,444.0,381.3999938964844,389.20001220703125,2639390
2020-07-17,481.0,495.55999755859375,445.20001220703125,455.79998779296875,2729085
2020-07-20,459.6000061035156,477.3999938964844,440.0,475.20001220703125,1037500
2020-07-21,498.6000061035156,526.4000244140625,459.0,462.3999938964844,2004540
2020-07-22,510.79998779296875,530.5999755859375,490.0,490.6000061035156,1340145
2020-07-23,503.0,551.0,476.20001220703125,522.5999755859375,1964730
2020-07-24,486.20001220703125,497.0,462.0,480.0,1025415
2020-07-27,498.3999938964844,513.5999755859375,475.3999938964844,500.3999938964844,858420
2020-07-28,477.20001220703125,516.0,472.0,504.0,1158130
2020-07-29,459.3999938964844,485.6000061035156,452.6000061035156,473.79998779296875,712695
2020-07-30,457.6000061035156,468.0,438.20001220703125,444.0,461435
2020-07-31,449.0,468.0,441.6000061035156,463.3999938964844,357335
2020-08-03,480.3999938964844,486.0,453.20001220703125,473.0,1110590
2020-08-04,414.3999938964844,443.6000061035156,413.6000061035156,435.0,1172960
2020-08-05,403.0,413.6000061035156,386.20001220703125,401.79998779296875,850495
2020-08-06,386.79998779296875,400.0,381.0,396.0,1107935
2020-08-07,365.0,386.0,362.6000061035156,381.3999938964844,981300
2020-08-10,384.6000061035156,390.3999938964844,368.3999938964844,369.3999938964844,623190
2020-08-11,365.6000061035156,393.3999938964844,362.79998779296875,391.0,531940
2020-08-12,363.20001220703125,368.79998779296875,356.20001220703125,366.79998779296875,428065
2020-08-13,375.3999938964844,389.6000061035156,360.3999938964844,364.0,780135
2020-08-14,371.0,381.79998779296875,365.6000061035156,377.3999938964844,396230
2020-08-17,363.3999938964844,374.6000061035156,344.79998779296875,373.6000061035156,778775
2020-08-18,354.6000061035156,367.3999938964844,349.6000061035156,360.79998779296875,495975
2020-08-19,350.6000061035156,363.6000061035156,350.0,354.79998779296875,384520
2020-08-20,346.20001220703125,352.20001220703125,337.20001220703125,350.0,552010
2020-08-21,337.3999938964844,352.0,335.3999938964844,345.0,447370
2020-08-24,352.6000061035156,354.0,334.44000244140625,340.0,475990
2020-08-25,349.79998779296875,356.79998779296875,342.6000061035156,355.79998779296875,329585
2020-08-26,346.79998779296875,370.0,344.6000061035156,349.6000061035156,668150
2020-08-27,345.6000061035156,353.0,337.0,351.6000061035156,446365
2020-08-28,349.20001220703125,351.20001220703125,342.20001220703125,347.0,249765
2020-08-31,358.0,365.20001220703125,348.6000061035156,362.6000061035156,639070
2020-09-01,348.20001220703125,358.3999938964844,346.6000061035156,357.79998779296875,453635
2020-09-02,342.0,350.79998779296875,326.6000061035156,350.0,670685
2020-09-03,330.6000061035156,343.79998779296875,324.3999938964844,332.6000061035156,615890
2020-09-04,318.3999938964844,337.79998779296875,297.20001220703125,331.3999938964844,751425
2020-09-08,348.0,365.0,320.0,327.79998779296875,1013355
2020-09-09,354.20001220703125,374.1000061035156,342.3999938964844,363.6000061035156,1010225
2020-09-10,349.0,369.20001220703125,345.79998779296875,356.79998779296875,637490
2020-09-11,331.20001220703125,352.0,326.6000061035156,349.0,638235
2020-09-14,347.79998779296875,349.3800048828125,332.3999938964844,336.0,381480
2020-09-15,354.0,361.6000061035156,343.3999938964844,349.6000061035156,445455
2020-09-16,348.20001220703125,355.79998779296875,345.6000061035156,350.6000061035156,336040
2020-09-17,343.6000061035156,346.3999938964844,334.3999938964844,340.0,365810
2020-09-18,344.20001220703125,347.6000061035156,336.29998779296875,344.3999938964844,413790
2020-09-21,329.6000061035156,339.739990234375,317.8999938964844,335.20001220703125,540870
2020-09-22,329.3999938964844,332.20001220703125,322.3999938964844,329.79998779296875,348595
2020-09-23,314.6000061035156,333.79998779296875,310.79998779296875,328.79998779296875,498255
2020-09-24,318.3999938964844,326.79998779296875,298.3999938964844,310.0,594550
2020-09-25,328.6000061035156,329.3999938964844,317.3999938964844,319.3999938964844,271425
2020-09-28,410.20001220703125,415.6000061035156,362.0,365.79998779296875,2728585
2020-09-29,408.79998779296875,419.6000061035156,391.79998779296875,413.79998779296875,1611230
2020-09-30,384.6000061035156,417.0,379.20001220703125,401.20001220703125,981610
2020-10-01,403.3999938964844,407.3999938964844,383.0,385.0,695695
2020-10-02,415.3999938964844,418.20001220703125,376.3999938964844,381.3999938964844,978370
2020-10-05,420.20001220703125,432.79998779296875,411.20001220703125,424.3999938964844,662645
2020-10-06,420.6000061035156,450.6000061035156,416.0,425.3999938964844,1193725
2020-10-07,436.3999938964844,445.20001220703125,430.44000244140625,432.20001220703125,653305
2020-10-08,441.79998779296875,450.79998779296875,431.0,449.0,507385
2020-10-09,428.0,444.05999755859375,426.20001220703125,443.20001220703125,503910
2020-10-12,411.3999938964844,430.0,411.0,430.0,435120
2020-10-13,436.20001220703125,439.6000061035156,398.3999938964844,410.0,654060
2020-10-14,426.6000061035156,439.0,419.6000061035156,437.6000061035156,418490
2020-10-15,432.79998779296875,437.20001220703125,413.20001220703125,418.0,388235
2020-10-16,448.79998779296875,468.0,437.3999938964844,440.0,1186670
2020-10-19,456.3999938964844,472.3999938964844,444.6000061035156,460.0,863805
2020-10-20,460.6000061035156,487.3999938964844,453.0400085449219,458.20001220703125,1293190
2020-10-21,408.79998779296875,467.0,405.0,464.79998779296875,1050495
2020-10-22,414.6000061035156,426.0,410.0,412.79998779296875,433115
2020-10-23,382.79998779296875,416.3999938964844,381.0,416.0,807420
2020-10-26,366.3999938964844,384.79998779296875,358.20001220703125,380.0,630600
2020-10-27,365.79998779296875,379.6000061035156,364.0,368.6000061035156,302305
2020-10-28,349.6000061035156,363.0,346.6000061035156,359.6000061035156,443960
2020-10-29,363.6000061035156,366.29998779296875,349.3999938964844,353.6000061035156,430715
2020-10-30,348.3999938964844,362.6000061035156,340.3999938964844,362.6000061035156,400095
2020-11-02,353.20001220703125,363.79998779296875,342.79998779296875,348.6000061035156,493665
2020-11-03,369.0,373.3999938964844,353.5799865722656,357.79998779296875,424115
2020-11-04,360.6000061035156,376.20001220703125,357.0,369.79998779296875,392365
2020-11-05,383.3999938964844,383.3999938964844,360.6000061035156,365.0,593175
2020-11-06,380.6000061035156,404.0,367.3999938964844,400.0,669390
2020-11-09,409.0,427.6000061035156,386.79998779296875,400.0,727245
2020-11-10,409.3999938964844,418.6000061035156,382.20001220703125,415.3999938964844,494360
2020-11-11,438.79998779296875,447.6000061035156,412.0,417.79998779296875,643700
2020-11-12,432.3999938964844,445.0,417.79998779296875,429.0,480835
2020-11-13,445.3999938964844,447.0,422.6000061035156,440.3999938964844,361095
2020-11-16,417.79998779296875,424.3999938964844,396.79998779296875,412.6000061035156,1129480
2020-11-17,427.0,432.0,407.3999938964844,416.3999938964844,456260
2020-11-18,451.79998779296875,473.79998779296875,425.0,428.79998779296875,930820
2020-11-19,481.0,486.79998779296875,455.6000061035156,463.0,713925
2020-11-20,466.20001220703125,492.0,461.0,490.6000061035156,562250
2020-11-23,498.20001220703125,507.9800109863281,470.0,472.20001220703125,679830
2020-11-24,499.20001220703125,507.6000061035156,486.20001220703125,503.79998779296875,457925
2020-11-25,542.0,556.0,492.3999938964844,495.0,904160
2020-11-27,543.4000244140625,577.6400146484375,541.0,576.2000122070312,546955
2020-11-30,532.2000122070312,560.7999877929688,506.3999938964844,551.5999755859375,637555
2020-12-01,567.0,591.7999877929688,542.4000244140625,560.0,950680
2020-12-02,550.5999755859375,560.4000244140625,525.7999877929688,560.0,819380
2020-12-03,561.5999755859375,575.5399780273438,551.2000122070312,555.7999877929688,459485
2020-12-04,574.7999877929688,584.0,563.0,564.0,434320
2020-12-07,676.0,677.4000244140625,580.7999877929688,591.4000244140625,1406880
2020-12-08,667.7999877929688,673.7999877929688,632.2000122070312,661.4000244140625,1077715
2020-12-09,642.5999755859375,716.4000244140625,610.2000122070312,680.0,1297840
2020-12-10,643.5999755859375,652.0,592.2000122070312,604.5999755859375,730885
2020-12-11,640.7999877929688,692.0,637.2000122070312,639.0,924845
2020-12-14,529.4000244140625,576.5999755859375,527.5999755859375,542.2000122070312,2356040
2020-12-15,490.20001220703125,541.0,487.6000061035156,538.2000122070312,1541545
2020-12-16,517.2000122070312,537.3200073242188,490.20001220703125,499.6000061035156,1131970
2020-12-17,510.0,523.0,494.0,513.0,926185
2020-12-18,476.79998779296875,506.6000061035156,475.6000061035156,480.0,1516940
2020-12-21,496.0,506.1000061035156,478.3999938964844,483.3999938964844,792240
2020-12-22,509.3999938964844,518.7999877929688,487.0,508.3999938964844,845520
2020-12-23,536.4000244140625,548.7999877929688,504.6000061035156,511.0,915030
2020-12-24,517.0,537.7999877929688,505.20001220703125,536.2000122070312,439225
2020-12-28,478.79998779296875,529.7999877929688,472.20001220703125,523.2000122070312,810885
2020-12-29,475.0,484.79998779296875,460.20001220703125,480.79998779296875,467340
2020-12-30,480.20001220703125,487.6000061035156,473.0,477.79998779296875,317375
2020-12-31,474.6000061035156,482.79998779296875,465.0,481.79998779296875,286075
2021-01-04,464.20001220703125,479.3999938964844,457.6000061035156,479.20001220703125,383885
2021-01-05,482.3999938964844,489.6000061035156,459.20001220703125,461.6000061035156,378235
2021-01-06,483.3999938964844,498.6000061035156,474.3999938964844,480.6000061035156,402650
2021-01-07,502.6000061035156,519.2000122070312,493.79998779296875,505.0,653325
2021-01-08,504.3999938964844,517.2000122070312,496.0,513.2000122070312,425455
2021-01-11,498.3999938964844,514.0,488.6000061035156,499.3999938964844,324570
2021-01-12,533.2000122070312,534.5999755859375,499.79998779296875,503.0,603495
2021-01-13,551.2000122070312,557.0,525.0,531.2000122070312,750940
2021-01-14,660.5999755859375,674.4000244140625,603.7999877929688,620.5999755859375,2903600
2021-01-15,608.5999755859375,649.5999755859375,598.4000244140625,638.5999755859375,957280
2021-01-19,633.0,651.5999755859375,610.0,651.0,1000765
2021-01-20,640.5999755859375,659.5999755859375,615.2000122070312,631.2000122070312,637925
2021-01-21,665.4000244140625,678.0,632.4000244140625,650.0,696880
2021-01-22,685.5999755859375,689.0,646.0,662.2000122070312,645945
2021-01-25,720.0,777.4000244140625,643.02001953125,704.2000122070312,1581110
2021-01-26,841.0,880.5999755859375,731.7999877929688,746.4000244140625,2719910
2021-01-27,927.0,1188.5999755859375,802.7999877929688,893.2000122070312,3927010
2021-01-28,862.2000122070312,1040.0,789.4000244140625,930.2000122070312,2042845
2021-01-29,885.7999877929688,998.0,878.0,910.0,1432390
2021-02-01,1075.800048828125,1144.800048828125,915.5999755859375,943.4000244140625,2903910
2021-02-02,971.5999755859375,1172.0,946.0,1171.800048828125,1974635
2021-02-03,1142.4000244140625,1167.0,990.4000244140625,999.5999755859375,2002375
2021-02-04,1094.4000244140625,1256.0,1063.4000244140625,1140.0,1622890
2021-02-05,1086.800048828125,1109.9599609375,1040.02001953125,1103.0,676795
2021-02-08,1125.0,1157.0,1081.0,1119.800048828125,702565
2021-02-09,1134.4000244140625,1136.199951171875,1088.4000244140625,1121.199951171875,449630
2021-02-10,1047.800048828125,1122.800048828125,1023.0,1120.0,727260
2021-02-11,1188.199951171875,1213.4000244140625,1031.4000244140625,1053.5999755859375,1496855
2021-02-12,1090.5999755859375,1138.0,1046.0,1067.0,1104365
2021-02-16,1007.2000122070312,1063.0,1000.0,1062.199951171875,762695
2021-02-17,991.7999877929688,999.5999755859375,932.7999877929688,993.7999877929688,648185
2021-02-18,975.7999877929688,1065.0,940.2000122070312,952.4000244140625,1085765
2021-02-19,1023.7999877929688,1044.8599853515625,984.7999877929688,990.2000122070312,447555
2021-02-22,942.5999755859375,1015.9600219726562,938.0,984.4000244140625,384575
2021-02-23,883.2000122070312,895.5999755859375,765.2000122070312,863.7999877929688,683320
2021-02-24,922.4000244140625,925.0,858.0,905.4000244140625,328360
2021-02-25,844.7999877929688,944.0,833.2000122070312,900.0,543685
2021-02-26,744.5999755859375,788.7999877929688,700.0,715.0,1001420
2021-03-01,762.7999877929688,794.0,751.5999755859375,778.5999755859375,441835
2021-03-02,675.4000244140625,763.4000244140625,669.0,763.4000244140625,739935
2021-03-03,640.5999755859375,703.5999755859375,637.0,702.0,914125
2021-03-04,606.0,651.5999755859375,571.5999755859375,620.2000122070312,873655
2021-03-05,545.7999877929688,592.4000244140625,478.79998779296875,573.7999877929688,1847620
2021-03-08,530.5999755859375,592.4000244140625,526.0,546.2000122070312,760340
2021-03-09,604.0,615.0,554.4000244140625,566.4000244140625,733265
2021-03-10,611.7999877929688,668.2000122070312,598.4000244140625,658.7999877929688,807650
2021-03-11,671.5999755859375,684.0,631.2000122070312,650.0,792840
2021-03-12,691.0,694.5999755859375,641.0,650.7999877929688,521840
2021-03-15,696.0,727.2000122070312,673.0,713.4000244140625,659710
2021-03-16,650.2000122070312,696.0,645.4000244140625,694.2000122070312,542940
2021-03-17,674.7999877929688,682.4000244140625,624.2000122070312,637.2000122070312,631245
2021-03-18,639.2000122070312,673.5999755859375,633.5999755859375,662.7999877929688,458935
2021-03-19,662.7999877929688,664.7999877929688,618.0,636.4000244140625,368165
2021-03-22,644.7999877929688,675.7999877929688,639.5999755859375,670.2000122070312,363110
2021-03-23,618.5999755859375,638.5999755859375,599.0,638.0,566415
2021-03-24,576.0,630.7999877929688,573.2000122070312,618.4000244140625,458710
2021-03-25,591.5999755859375,598.9600219726562,551.5999755859375,560.0,443080
2021-03-26,591.7999877929688,610.5999755859375,567.4000244140625,593.7999877929688,318640
2021-03-29,584.2000122070312,619.0,574.5999755859375,617.2000122070312,566835
2021-03-30,602.7999877929688,607.5999755859375,567.5999755859375,578.2000122070312,423485
2021-03-31,612.5999755859375,634.5,603.0999755859375,605.7999877929688,424750
2021-04-01,615.0,634.8599853515625,603.2000122070312,625.7999877929688,334380
2021-04-05,592.0,626.2000122070312,575.5999755859375,623.7999877929688,513100
2021-04-06,614.2000122070312,620.0,586.2000122070312,588.0,355750
2021-04-07,584.7999877929688,618.0,579.5999755859375,609.2000122070312,415510
2021-04-08,584.0,589.4000244140625,570.0,581.2000122070312,336180
2021-04-09,585.5999755859375,588.5999755859375,575.8400268554688,578.0,181250
2021-04-12,535.4000244140625,578.5999755859375,529.2000122070312,578.0,770120
2021-04-13,537.5999755859375,551.4000244140625,529.4000244140625,539.4000244140625,565080
2021-04-14,533.5999755859375,551.7999877929688,527.7999877929688,543.4000244140625,453680
2021-04-15,461.20001220703125,509.20001220703125,452.3999938964844,500.3999938964844,1667835
2021-04-16,467.20001220703125,481.0,457.20001220703125,462.6000061035156,632750
2021-04-19,449.20001220703125,472.6000061035156,431.0,471.79998779296875,963555
2021-04-20,419.6000061035156,429.20001220703125,404.20001220703125,411.0,968360
2021-04-21,445.20001220703125,446.9200134277344,403.20001220703125,413.0,588345
2021-04-22,434.3999938964844,462.0,430.0,450.79998779296875,425240
2021-04-23,443.20001220703125,448.3999938964844,434.3999938964844,438.20001220703125,269595
2021-04-26,463.6000061035156,469.79998779296875,437.3999938964844,450.0,408985
2021-04-27,470.20001220703125,477.6000061035156,453.0,466.0,626640
2021-04-28,469.6000061035156,472.6000061035156,457.20001220703125,468.79998779296875,315945
2021-04-29,450.79998779296875,470.79998779296875,439.6000061035156,465.20001220703125,541015
2021-04-30,443.0,455.20001220703125,436.6000061035156,441.6000061035156,315050
2021-05-03,402.79998779296875,434.44000244140625,400.20001220703125,434.3999938964844,678610
2021-05-04,416.0,431.0,383.20001220703125,400.0,827575
2021-05-05,398.79998779296875,415.0,396.3999938964844,404.3999938964844,449995
2021-05-06,383.6000061035156,400.0,373.6000061035156,400.0,727215
2021-05-07,392.20001220703125,397.7799987792969,381.0,381.6000061035156,470665
2021-05-10,359.0,391.79998779296875,357.0,391.6000061035156,869350
2021-05-11,362.3999938964844,364.0,285.3999938964844,290.6000061035156,1761700
2021-05-12,321.6000061035156,354.3999938964844,318.2200012207031,346.0,919820
2021-05-13,310.0,338.79998779296875,301.0,324.79998779296875,699555
2021-05-14,323.6000061035156,330.3999938964844,310.6000061035156,313.6000061035156,566940
2021-05-17,332.79998779296875,338.6000061035156,315.79998779296875,322.20001220703125,605665
2021-05-18,345.0,358.20001220703125,326.6199951171875,334.6000061035156,626210
2021-05-19,345.3999938964844,345.3999938964844,317.20001220703125,328.79998779296875,572225
2021-05-20,396.20001220703125,432.6000061035156,374.0,412.3999938964844,4659150
2021-05-21,421.3999938964844,435.0,393.6000061035156,407.3999938964844,2551535
2021-05-24,537.7999877929688,554.3400268554688,470.3999938964844,506.20001220703125,6553535
2021-05-25,511.79998779296875,526.7999877929688,494.0,507.3999938964844,2118785
2021-05-26,540.0,555.0,512.0,517.0,1934865
2021-05-27,621.7999877929688,641.4000244140625,532.0,548.0,2435210
2021-05-28,624.5999755859375,700.7999877929688,614.5999755859375,625.4000244140625,2699425
2021-06-01,577.5999755859375,612.2000122070312,562.4000244140625,601.0,1657210
2021-06-02,622.5999755859375,641.7999877929688,568.2000122070312,571.7999877929688,1486760
2021-06-03,620.2000122070312,674.0,614.0,644.2000122070312,1537425
2021-06-04,627.5999755859375,643.2000122070312,598.5999755859375,618.0,891190
2021-06-07,693.7999877929688,695.7999877929688,619.2000122070312,629.0,1452350
2021-06-08,749.7999877929688,764.4000244140625,701.0,705.5999755859375,1709745
2021-06-09,703.2000122070312,773.0,697.4000244140625,763.7999877929688,1127160
2021-06-10,708.2000122070312,757.5999755859375,698.4000244140625,714.7999877929688,1128280
2021-06-11,702.0,721.7999877929688,677.0,701.5999755859375,696590
2021-06-14,729.7999877929688,753.7999877929688,694.0,705.4000244140625,827160
2021-06-15,697.4000244140625,735.5999755859375,692.7999877929688,729.0,591350
2021-06-16,707.4000244140625,723.0999755859375,684.2000122070312,692.0,639845
2021-06-17,746.4000244140625,750.4000244140625,702.0,702.4000244140625,817585
2021-06-18,736.0,750.7999877929688,719.0,746.2000122070312,531850
2021-06-21,720.4000244140625,734.0,696.5999755859375,725.4000244140625,541255
2021-06-22,788.4000244140625,796.0,712.4000244140625,716.4000244140625,1403635
2021-06-23,816.4000244140625,833.0,775.02001953125,779.2000122070312,1040290
2021-06-24,805.2000122070312,831.5999755859375,785.2000122070312,822.0,669410
2021-06-25,1118.199951171875,1145.800048828125,917.4000244140625,956.2000122070312,13067485
2021-06-28,1096.800048828125,1150.199951171875,1049.5999755859375,1143.0,5478725
2021-06-29,940.4000244140625,1072.0,919.4000244140625,1046.0,3715425
2021-06-30,920.0,959.6199951171875,861.6199951171875,888.4000244140625,3210580
2021-07-01,863.7999877929688,928.5999755859375,863.7999877929688,920.0,1353840
2021-07-02,898.7999877929688,1088.0,880.7999877929688,1064.5999755859375,6772560
2021-07-06,926.2000122070312,987.7999877929688,884.219970703125,903.0,3366385
2021-07-07,898.4000244140625,935.2000122070312,860.4000244140625,928.5999755859375,1634505
2021-07-08,1053.800048828125,1055.199951171875,861.0,876.5999755859375,4373025
2021-07-09,984.0,1052.5999755859375,969.2000122070312,1018.7999877929688,3129725
2021-07-12,813.7999877929688,1015.0,796.2000122070312,991.0,6824275
2021-07-13,755.2000122070312,831.2000122070312,750.2000122070312,806.7999877929688,4075060
2021-07-14,661.4000244140625,759.4000244140625,656.2000122070312,745.4000244140625,4262665
2021-07-15,634.7999877929688,688.7999877929688,626.4000244140625,660.5999755859375,3171610
2021-07-16,604.0,666.0,601.4000244140625,650.7999877929688,2439535
2021-07-19,648.0,659.4000244140625,572.5999755859375,589.0,3493340
2021-07-20,640.5999755859375,647.4000244140625,590.7999877929688,621.7999877929688,2182510
2021-07-21,667.4000244140625,678.0,622.5999755859375,625.2000122070312,1478585
2021-07-22,616.4000244140625,673.7999877929688,612.5999755859375,662.5999755859375,1125095
2021-07-23,591.5999755859375,623.4000244140625,577.2000122070312,610.0,992245
2021-07-26,612.4000244140625,623.0,583.7999877929688,591.5999755859375,770050
2021-07-27,605.0,619.5999755859375,569.7999877929688,607.4000244140625,669040
2021-07-28,623.7999877929688,634.9600219726562,603.0,609.4000244140625,644705
2021-07-29,615.5999755859375,640.2000122070312,609.4000244140625,623.2000122070312,504735
2021-07-30,599.7999877929688,624.7999877929688,591.5999755859375,616.4000244140625,464150
2021-08-02,637.4000244140625,656.0,589.0,596.4000244140625,781925
2021-08-03,628.0,635.0,596.7999877929688,628.7999877929688,585315
2021-08-04,615.5999755859375,652.4000244140625,610.2000122070312,626.4000244140625,564845
2021-08-05,630.5999755859375,643.2000122070312,612.0,620.0,683185
2021-08-06,667.4000244140625,712.3599853515625,628.5999755859375,635.7999877929688,1936170
2021-08-09,704.2000122070312,710.7999877929688,656.7999877929688,660.0,906295
2021-08-10,626.5999755859375,696.0,620.0,695.0,1357870
2021-08-11,547.2000122070312,600.0,530.0,597.0,1945355
2021-08-12,518.7999877929688,548.5,510.20001220703125,535.7999877929688,1143570
2021-08-13,507.3999938964844,525.9000244140625,501.0,504.6000061035156,1070895
2021-08-16,506.6000061035156,531.5999755859375,504.3999938964844,511.79998779296875,888200
2021-08-17,504.79998779296875,513.4000244140625,491.0,500.3999938964844,579150
2021-08-18,505.0,519.5999755859375,492.3999938964844,503.79998779296875,587620
2021-08-19,485.0,513.5599975585938,482.20001220703125,505.20001220703125,556975
2021-08-20,490.6000061035156,495.3999938964844,479.79998779296875,482.3999938964844,452965
2021-08-23,508.79998779296875,516.4000244140625,490.6000061035156,492.0,544885
2021-08-24,529.5999755859375,533.0,508.6000061035156,511.6000061035156,635505
2021-08-25,525.2000122070312,540.7999877929688,515.0399780273438,534.0,521260
2021-08-26,509.0,534.1599731445312,504.0,522.0,506220
2021-08-27,521.0,527.5999755859375,504.29998779296875,510.79998779296875,428915
2021-08-30,497.6000061035156,523.7999877929688,492.3999938964844,519.4000244140625,645605
2021-08-31,542.2000122070312,557.2000122070312,515.0,519.0,1421475
2021-09-01,535.7999877929688,546.5999755859375,533.0,541.2000122070312,579655
2021-09-02,519.7999877929688,575.4000244140625,497.0,521.5999755859375,1985770
2021-09-03,485.6000061035156,510.79998779296875,476.3999938964844,505.79998779296875,1556145
2021-09-07,492.20001220703125,499.0,476.3999938964844,484.20001220703125,687745
2021-09-08,509.0,520.0999755859375,491.0,493.0,823975
2021-09-09,513.5999755859375,515.5999755859375,493.0,507.6000061035156,516520
2021-09-10,503.20001220703125,536.5999755859375,498.6000061035156,514.2000122070312,497490
2021-09-13,485.20001220703125,497.3999938964844,471.6000061035156,489.0,629870
2021-09-14,480.0,502.8999938964844,476.3999938964844,479.79998779296875,544300
2021-09-15,478.20001220703125,484.3999938964844,461.260009765625,484.3999938964844,619055
2021-09-16,489.79998779296875,496.0,480.0,485.6000061035156,591375
2021-09-17,528.4000244140625,528.7999877929688,491.6000061035156,491.6000061035156,1149865
2021-09-20,495.0,520.5999755859375,485.5,508.6000061035156,659855
2021-09-21,503.79998779296875,511.3999938964844,494.0,500.0,409075
2021-09-22,510.6000061035156,516.7000122070312,502.0,505.79998779296875,302400
2021-09-23,517.0,519.4000244140625,506.3999938964844,515.0,329705
2021-09-24,500.79998779296875,517.8599853515625,496.20001220703125,517.0,394355
2021-09-27,500.0,511.79998779296875,488.6199951171875,502.20001220703125,383940
2021-09-28,467.79998779296875,498.79998779296875,457.3999938964844,498.20001220703125,823235
2021-09-29,451.20001220703125,474.6000061035156,450.6000061035156,470.79998779296875,564260
2021-09-30,506.0,530.0,478.260009765625,482.6000061035156,2330635
2021-10-01,476.6000061035156,510.3999938964844,469.79998779296875,501.3999938964844,843405
2021-10-04,454.6000061035156,474.3999938964844,450.79998779296875,472.3999938964844,542475
2021-10-05,450.6000061035156,457.6000061035156,439.20001220703125,455.79998779296875,452760
2021-10-06,459.6000061035156,466.20001220703125,446.20001220703125,450.6000061035156,483890
2021-10-07,464.20001220703125,473.20001220703125,456.79998779296875,460.6000061035156,342785
2021-10-08,462.3999938964844,474.760009765625,457.6000061035156,463.79998779296875,257730
2021-10-11,464.3999938964844,475.6000061035156,460.3999938964844,461.3999938964844,247425
2021-10-12,470.20001220703125,479.0,461.8999938964844,468.0,270300
2021-10-13,478.79998779296875,482.6000061035156,470.6000061035156,473.0,316975
2021-10-14,481.20001220703125,486.3999938964844,471.70001220703125,485.0,646615
2021-10-15,400.20001220703125,426.3999938964844,397.3999938964844,409.3999938964844,2953430
2021-10-18,394.3999938964844,398.3999938964844,380.0,380.79998779296875,1255015
2021-10-19,396.79998779296875,401.6000061035156,384.1000061035156,390.0,761390
2021-10-20,403.0,410.79998779296875,393.20001220703125,395.20001220703125,555755
2021-10-21,403.0,415.20001220703125,397.20001220703125,404.20001220703125,498920
2021-10-22,393.20001220703125,400.20001220703125,384.6000061035156,400.0,431775
2021-10-25,400.79998779296875,410.6000061035156,392.6000061035156,394.79998779296875,564805
2021-10-26,392.20001220703125,405.20001220703125,389.79998779296875,400.79998779296875,542350
2021-10-27,364.79998779296875,378.20001220703125,359.6000061035156,376.0,1078875
2021-10-28,371.20001220703125,374.5,365.8999938964844,367.20001220703125,520065
2021-10-29,375.0,381.6000061035156,371.70001220703125,373.0,415395
2021-11-01,391.0,393.6000061035156,373.79998779296875,377.20001220703125,485095
2021-11-02,392.0,392.0,378.79998779296875,388.0,395585
2021-11-03,398.79998779296875,400.79998779296875,389.0,390.20001220703125,452005
2021-11-04,392.3999938964844,404.0,389.0,400.6000061035156,412650
2021-11-05,390.6000061035156,398.20001220703125,382.1000061035156,393.20001220703125,370560
2021-11-08,397.79998779296875,400.3999938964844,385.79998779296875,386.3999938964844,594130
2021-11-09,418.0,433.6000061035156,386.6000061035156,397.79998779296875,1330265
2021-11-10,405.20001220703125,429.79998779296875,399.0,411.3999938964844,647435
2021-11-11,385.3999938964844,390.79998779296875,381.6000061035156,386.20001220703125,798285
2021-11-12,384.3999938964844,390.6000061035156,383.0,386.0,350450
2021-11-15,380.0,390.1000061035156,379.3999938964844,384.0,567805
2021-11-16,366.3999938964844,376.1199951171875,363.55999755859375,375.0,767950
2021-11-17,358.20001220703125,371.0,354.6000061035156,366.3999938964844,579365
2021-11-18,347.6000061035156,360.0,343.3999938964844,359.3999938964844,477555
2021-11-19,345.0,354.20001220703125,341.20001220703125,348.0,433690
2021-11-22,341.6000061035156,353.0,336.6000061035156,349.1000061035156,467215
2021-11-23,336.6000061035156,346.79998779296875,327.29998779296875,340.79998779296875,512080
2021-11-24,340.6000061035156,344.29998779296875,324.6000061035156,334.20001220703125,349415
2021-11-26,334.6000061035156,343.0,326.79998779296875,328.3999938964844,270480
2021-11-29,325.0,337.0,319.6000061035156,335.6000061035156,513910
2021-11-30,320.0,328.79998779296875,306.6000061035156,321.79998779296875,598950
2021-12-01,297.20001220703125,328.3999938964844,296.0,324.5,644000
2021-12-02,301.6000061035156,309.0,288.82000732421875,298.6000061035156,649275
2021-12-03,287.3999938964844,301.6000061035156,280.3999938964844,301.6000061035156,647940
2021-12-06,292.79998779296875,298.0,273.70001220703125,283.79998779296875,655740
2021-12-07,312.3999938964844,317.6000061035156,299.20001220703125,300.0,562550
2021-12-08,324.79998779296875,330.79998779296875,305.94000244140625,314.0,490010
2021-12-09,312.79998779296875,331.20001220703125,311.20001220703125,320.79998779296875,353485
2021-12-10,304.20001220703125,321.0,300.79998779296875,314.0,317465
2021-12-13,296.20001220703125,311.0,289.3999938964844,303.3999938964844,368760
2021-12-14,293.0,301.6000061035156,287.20001220703125,289.6000061035156,376300
2021-12-15,295.3999938964844,298.79998779296875,275.29998779296875,291.3999938964844,625925
2021-12-16,286.0,304.0,281.6000061035156,297.79998779296875,511750
2021-12-17,289.20001220703125,294.8999938964844,270.3999938964844,284.6000061035156,781575
2021-12-20,278.6000061035156,285.0,272.0199890136719,279.79998779296875,516215
2021-12-21,292.6000061035156,293.3999938964844,277.20001220703125,278.6000061035156,493150
2021-12-22,292.0,295.0,285.0,291.20001220703125,293960
2021-12-23,290.6000061035156,293.0,282.8999938964844,292.0,298195
2021-12-27,281.3999938964844,291.3999938964844,278.20001220703125,288.6000061035156,462395
2021-12-28,276.20001220703125,287.7799987792969,275.6000061035156,280.20001220703125,422645
2021-12-29,260.79998779296875,275.3999938964844,257.20001220703125,274.20001220703125,798570
2021-12-30,276.6000061035156,284.3999938964844,259.0,259.20001220703125,733700
2021-12-31,267.6000061035156,284.0,267.0799865722656,274.6000061035156,511265
2022-01-03,270.79998779296875,274.70001220703125,257.79998779296875,269.6000061035156,623745
2022-01-04,264.20001220703125,273.0,257.8999938964844,272.79998779296875,640240
2022-01-05,241.0,266.6000061035156,239.60000610351562,260.3999938964844,834535
2022-01-06,235.60000610351562,246.9199981689453,226.0,243.39999389648438,802835
2022-01-07,249.0,256.1000061035156,238.39999389648438,240.0,795315
2022-01-10,239.39999389648438,249.1999969482422,233.89999389648438,248.60000610351562,823460
2022-01-11,247.8000030517578,251.0,236.1999969482422,240.8000030517578,497125
2022-01-12,247.39999389648438,254.0,241.1999969482422,249.39999389648438,475055
2022-01-13,200.60000610351562,219.8000030517578,200.3000030517578,218.39999389648438,3526800
2022-01-14,202.8000030517578,203.1999969482422,195.0,197.8000030517578,1975935
2022-01-18,187.39999389648438,201.1999969482422,186.60000610351562,200.60000610351562,1201920
2022-01-19,181.8000030517578,194.39999389648438,180.39999389648438,191.0,1058835
2022-01-20,182.0,196.1999969482422,181.8000030517578,184.3000030517578,897705
2022-01-21,169.39999389648438,183.6999969482422,169.1999969482422,181.0,1181020
2022-01-24,172.0,172.1999969482422,151.60000610351562,162.1999969482422,1327905
2022-01-25,169.60000610351562,174.0,163.39999389648438,169.0,808850
2022-01-26,168.8000030517578,182.89999389648438,167.39999389648438,174.1999969482422,873835
2022-01-27,159.1999969482422,175.17999267578125,157.0,169.8000030517578,730745
2022-01-28,162.8000030517578,163.0,152.1999969482422,159.60000610351562,702085
2022-01-31,184.0,184.60000610351562,164.8000030517578,165.0,787410
2022-02-01,194.39999389648438,196.8000030517578,183.0,190.0,746780
2022-02-02,187.39999389648438,196.0,183.22000122070312,193.0,600655
2022-02-03,169.1999969482422,182.6999969482422,168.60000610351562,180.8000030517578,913270
2022-02-04,179.8000030517578,182.0,171.0399932861328,172.60000610351562,534265
2022-02-07,171.39999389648438,180.8000030517578,168.0,178.0,697050
2022-02-08,174.60000610351562,175.89999389648438,166.0,170.0,416635
2022-02-09,183.1999969482422,184.8000030517578,173.60000610351562,175.60000610351562,563555
2022-02-10,177.0,189.10000610351562,175.8000030517578,178.0,566925
2022-02-11,168.8000030517578,183.0,165.6999969482422,176.39999389648438,804890
2022-02-14,162.8000030517578,171.89999389648438,161.0,167.60000610351562,815660
2022-02-15,214.8000030517578,219.39999389648438,175.0,178.60000610351562,9112660
2022-02-16,200.60000610351562,209.97999572753906,193.8000030517578,206.0,2923100
2022-02-17,180.1999969482422,198.0,176.8000030517578,195.3000030517578,1676960
2022-02-18,168.0,178.1999969482422,164.8000030517578,177.8000030517578,1308470
2022-02-22,156.39999389648438,165.60000610351562,153.8000030517578,162.60000610351562,1323250
2022-02-23,161.8000030517578,182.0,159.5,161.0,3047325
2022-02-24,180.0,180.5800018310547,148.0,150.0,1823635
2022-02-25,183.60000610351562,184.0,170.39999389648438,172.1999969482422,1042785
2022-02-28,193.60000610351562,196.39999389648438,181.39999389648438,181.39999389648438,1138890
2022-03-01,187.0,200.60000610351562,184.6999969482422,192.39999389648438,746620
2022-03-02,188.39999389648438,191.60000610351562,181.39999389648438,187.0,733810
2022-03-03,165.0,187.02000427246094,164.0,185.8000030517578,1015575
2022-03-04,156.8000030517578,166.5,155.60000610351562,165.1999969482422,744400
2022-03-07,147.1999969482422,163.39999389648438,147.1999969482422,157.8000030517578,793490
2022-03-08,148.39999389648438,156.5800018310547,141.0,148.0,899235
2022-03-09,156.39999389648438,159.1999969482422,151.60000610351562,152.0,573525
2022-03-10,151.39999389648438,154.3000030517578,147.60000610351562,154.1999969482422,484050
2022-03-11,145.60000610351562,154.6999969482422,145.3000030517578,153.60000610351562,431805
2022-03-14,135.8000030517578,146.0,134.1999969482422,143.39999389648438,683150
2022-03-15,147.1999969482422,147.39999389648438,134.0,136.1999969482422,756350
2022-03-16,159.8000030517578,160.0,149.39999389648438,149.8000030517578,824415
2022-03-17,179.8000030517578,179.8000030517578,157.8000030517578,158.1999969482422,1001495
2022-03-18,188.60000610351562,190.89999389648438,175.1999969482422,176.1999969482422,1189935
2022-03-21,187.0,192.0,180.0,185.39999389648438,563265
2022-03-22,193.0,195.6999969482422,185.0,186.60000610351562,532015
2022-03-23,191.39999389648438,197.39999389648438,186.39999389648438,190.8000030517578,495565
2022-03-24,194.60000610351562,196.0,185.8000030517578,192.0,410515
2022-03-25,188.60000610351562,194.8000030517578,185.60000610351562,194.60000610351562,351525
2022-03-28,195.1999969482422,198.3000030517578,185.17999267578125,189.1999969482422,479740
2022-03-29,220.1999969482422,225.0,198.0,198.0,1539980
2022-03-30,213.8000030517578,222.8000030517578,209.1999969482422,216.0,691995
2022-03-31,197.60000610351562,213.0,197.39999389648438,211.1999969482422,677850
2022-04-01,199.8000030517578,208.0,194.82000732421875,199.60000610351562,496570
2022-04-04,210.8000030517578,213.6999969482422,201.39999389648438,202.8000030517578,485150
2022-04-05,192.1999969482422,213.8000030517578,191.60000610351562,211.60000610351562,609145
2022-04-06,182.1999969482422,188.0,176.10000610351562,187.8000030517578,747165
2022-04-07,179.8000030517578,186.39999389648438,171.1999969482422,181.39999389648438,459010
2022-04-08,173.8000030517578,179.8000030517578,171.39999389648438,178.1999969482422,396445
2022-04-11,174.39999389648438,182.0,165.8000030517578,171.1999969482422,439825
2022-04-12,176.39999389648438,184.82000732421875,172.5,177.60000610351562,520240
2022-04-13,182.39999389648438,183.8000030517578,174.10000610351562,176.8000030517578,316520
2022-04-14,179.8000030517578,183.3800048828125,176.0,181.60000610351562,293940
2022-04-18,171.1999969482422,179.0,166.6999969482422,178.60000610351562,404510
2022-04-19,183.8000030517578,184.39999389648438,169.60000610351562,170.39999389648438,609195
2022-04-20,168.39999389648438,183.44000244140625,168.0,182.60000610351562,457705
2022-04-21,159.8000030517578,174.6999969482422,157.1999969482422,171.60000610351562,523260
2022-04-22,159.8000030517578,166.39999389648438,156.0,162.8000030517578,431245
2022-04-25,166.60000610351562,168.1999969482422,158.8000030517578,159.8000030517578,528390
2022-04-26,155.8000030517578,166.8000030517578,155.8000030517578,165.1999969482422,333720
2022-04-27,154.1999969482422,160.8000030517578,152.1999969482422,155.1999969482422,422575
2022-04-28,158.0,160.0,145.60000610351562,155.1999969482422,515210
2022-04-29,149.8000030517578,163.5,149.60000610351562,158.0,396465
2022-05-02,157.8000030517578,157.8000030517578,147.60000610351562,149.0,434900
2022-05-03,158.60000610351562,162.1999969482422,153.89999389648438,156.1999969482422,400025
2022-05-04,165.1999969482422,166.39999389648438,150.1999969482422,158.0,516200
2022-05-05,150.0,162.8000030517578,148.0,162.8000030517578,631295
2022-05-06,136.0,141.8000030517578,127.0199966430664,141.60000610351562,947545
2022-05-09,121.4000015258789,132.0,121.19999694824219,131.8000030517578,629315
2022-05-10,117.0,128.39999389648438,112.0,127.19999694824219,776855
2022-05-11,107.4000015258789,121.4000015258789,107.4000015258789,115.4000015258789,631780
2022-05-12,116.80000305175781,124.0,102.80000305175781,105.0,828850
2022-05-13,130.8000030517578,133.8000030517578,122.5999984741211,123.4000015258789,707155
2022-05-16,124.0,134.60000610351562,124.0,128.8000030517578,445505
2022-05-17,133.8000030517578,136.8000030517578,125.69999694824219,127.19999694824219,647260
2022-05-18,127.4000015258789,138.60000610351562,126.4000015258789,132.0,506270
2022-05-19,131.60000610351562,137.9199981689453,126.0999984741211,127.80000305175781,517520
2022-05-20,131.0,134.39999389648438,125.4000015258789,132.39999389648438,459195
2022-05-23,131.1999969482422,133.0,125.30000305175781,129.8000030517578,370195
2022-05-24,123.5999984741211,130.1999969482422,121.0,128.60000610351562,425480
2022-05-25,129.39999389648438,130.60000610351562,122.0,123.0,321035
2022-05-26,133.60000610351562,139.0,127.4000015258789,129.0,351165
2022-05-27,142.1999969482422,144.60000610351562,134.0,134.0,449485
2022-05-31,140.1999969482422,145.0,137.1999969482422,143.39999389648438,493525
2022-06-01,135.39999389648438,143.3000030517578,132.0,141.0,364280
2022-06-02,145.39999389648438,147.60000610351562,135.0,135.39999389648438,420725
2022-06-03,139.1999969482422,144.5,137.39999389648438,140.39999389648438,304120
2022-06-06,141.1999969482422,144.8000030517578,138.8000030517578,142.8000030517578,395060
2022-06-07,138.39999389648438,139.39999389648438,131.60000610351562,139.0,527410
2022-06-08,148.0,149.8000030517578,136.1999969482422,136.8000030517578,421645
2022-06-09,134.0,147.1999969482422,133.8000030517578,147.1999969482422,467635
2022-06-10,126.19999694824219,135.0,125.5999984741211,131.60000610351562,385595
2022-06-13,113.19999694824219,121.5,112.4000015258789,120.0,495035
2022-06-14,115.4000015258789,116.80000305175781,111.0999984741211,116.5999984741211,353845
2022-06-15,121.0,123.22000122070312,114.5999984741211,117.0,431605
2022-06-16,115.5999984741211,119.80000305175781,111.69999694824219,116.0,442235
2022-06-17,125.0,127.0999984741211,115.68000030517578,116.0,547690
2022-06-21,121.5999984741211,127.4000015258789,120.5999984741211,122.5999984741211,502395
2022-06-22,125.4000015258789,131.60000610351562,117.08000183105469,118.4000015258789,455230
2022-06-23,129.39999389648438,130.5800018310547,123.69999694824219,125.4000015258789,321315
2022-06-24,131.39999389648438,135.60000610351562,128.60000610351562,130.0,1594010
2022-06-27,132.8000030517578,134.60000610351562,125.5999984741211,132.0,360225
2022-06-28,125.80000305175781,134.5,125.5999984741211,133.8000030517578,321005
2022-06-29,120.0,124.69999694824219,116.69999694824219,124.4000015258789,339605
2022-06-30,120.4000015258789,123.5999984741211,114.30000305175781,117.80000305175781,344260
2022-07-01,125.5999984741211,126.4000015258789,120.5999984741211,122.19999694824219,273015
2022-07-05,129.60000610351562,129.60000610351562,116.80000305175781,123.80000305175781,338985
2022-07-06,129.0,132.8000030517578,127.0,129.1999969482422,257875
2022-07-07,144.60000610351562,147.0,132.1999969482422,132.8000030517578,710620
2022-07-08,146.39999389648438,148.8000030517578,138.5,140.0,498965
2022-07-11,131.8000030517578,144.1999969482422,131.8000030517578,144.0,390615
2022-07-12,138.60000610351562,138.89999389648438,130.39999389648438,132.39999389648438,338385
2022-07-13,139.0,141.60000610351562,132.1999969482422,133.0,262790
2022-07-14,138.8000030517578,140.0,134.39999389648438,138.8000030517578,292765
2022-07-15,147.0,147.0,137.8000030517578,143.0,327800
2022-07-18,144.60000610351562,155.0,144.1999969482422,149.8000030517578,395550
2022-07-19,151.60000610351562,153.8000030517578,147.0,148.1999969482422,301090
2022-07-20,154.0,156.8000030517578,150.1999969482422,151.60000610351562,306960
2022-07-21,154.8000030517578,156.77999877929688,150.8000030517578,152.60000610351562,226865
2022-07-22,146.39999389648438,154.5399932861328,145.0,154.0,265360
2022-07-25,142.39999389648438,147.0,141.39999389648438,146.8000030517578,220345
2022-07-26,139.1999969482422,141.8000030517578,137.39999389648438,140.1999969482422,189740
2022-07-27,143.8000030517578,144.60000610351562,140.0,143.1999969482422,195730
2022-07-28,147.60000610351562,148.60000610351562,139.39999389648438,144.1999969482422,203840
2022-07-29,148.8000030517578,149.1999969482422,143.0,145.8000030517578,192455
2022-08-01,148.0,150.8000030517578,145.4199981689453,147.39999389648438,380475
2022-08-02,156.8000030517578,161.60000610351562,145.0,145.60000610351562,427945
2022-08-03,165.0,166.0,158.0,159.8000030517578,268675
2022-08-04,163.8000030517578,171.10000610351562,162.8000030517578,167.0,402935
2022-08-05,135.1999969482422,145.39999389648438,132.39999389648438,135.0,990575
2022-08-08,136.1999969482422,143.39999389648438,133.39999389648438,137.39999389648438,570775
2022-08-09,132.8000030517578,140.39999389648438,130.39999389648438,134.60000610351562,328715
2022-08-10,140.39999389648438,141.1999969482422,134.8000030517578,138.1999969482422,419030
2022-08-11,139.60000610351562,147.3800048828125,136.39999389648438,142.0,472730
2022-08-12,142.39999389648438,143.8000030517578,136.0,140.8000030517578,390330
2022-08-15,141.60000610351562,146.5800018310547,139.0,140.60000610351562,291035
2022-08-16,140.8000030517578,144.0,136.0,141.0,428630
2022-08-17,134.8000030517578,139.60000610351562,134.17999267578125,139.60000610351562,346660
2022-08-18,132.8000030517578,134.0,128.8000030517578,132.39999389648438,327965
2022-08-19,126.4000015258789,129.8000030517578,125.80000305175781,129.0,273295
2022-08-22,121.0,124.4000015258789,120.30000305175781,122.5999984741211,443280
2022-08-23,118.5999984741211,124.5999984741211,118.5999984741211,122.0,366815
2022-08-24,123.0,124.13999938964844,117.80000305175781,119.0,207870
2022-08-25,124.80000305175781,127.69999694824219,123.80000305175781,125.4000015258789,191435
2022-08-26,119.5999984741211,125.5999984741211,118.5999984741211,124.80000305175781,304515
2022-08-29,119.5999984741211,122.0,116.80000305175781,118.0,230305
2022-08-30,119.4000015258789,123.5999984741211,118.19999694824219,122.19999694824219,248690
2022-08-31,118.19999694824219,123.18000030517578,116.5999984741211,121.0,261670
2022-09-01,116.4000015258789,118.0,111.5,116.5999984741211,338325
2022-09-02,114.4000015258789,119.4000015258789,112.5999984741211,118.4000015258789,420650
2022-09-06,117.0,117.5999984741211,113.9000015258789,115.5999984741211,388195
2022-09-07,122.5999984741211,122.80000305175781,116.19999694824219,116.19999694824219,335930
2022-09-08,125.5999984741211,127.4000015258789,119.30000305175781,120.4000015258789,336715
2022-09-09,120.0,122.4000015258789,115.5999984741211,120.0,690950
2022-09-12,121.19999694824219,122.0,117.69999694824219,119.80000305175781,345295
2022-09-13,111.19999694824219,117.19999694824219,111.19999694824219,116.4000015258789,616035
2022-09-14,111.19999694824219,112.5999984741211,107.19999694824219,110.80000305175781,404210
2022-09-15,110.4000015258789,113.80000305175781,108.5,109.4000015258789,389155
2022-09-16,106.19999694824219,109.0,105.83999633789062,108.0,525535
2022-09-19,105.80000305175781,106.5999984741211,103.5999984741211,104.80000305175781,224055
2022-09-20,101.5999984741211,105.0,101.5999984741211,104.5999984741211,266100
2022-09-21,100.5999984741211,105.4000015258789,99.0,102.4000015258789,315995
2022-09-22,99.4000015258789,101.4000015258789,97.4000015258789,100.5999984741211,323725
2022-09-23,97.4000015258789,98.9000015258789,95.19999694824219,97.0,301680
2022-09-26,97.5999984741211,103.5,96.4000015258789,96.5999984741211,268090
2022-09-27,97.80000305175781,101.18000030517578,95.80000305175781,99.5999984741211,263515
2022-09-28,102.4000015258789,102.80000305175781,96.4000015258789,97.5999984741211,250450
2022-09-29,97.4000015258789,100.4000015258789,94.5999984741211,100.0,313375
2022-09-30,94.19999694824219,99.33999633789062,94.19999694824219,95.4000015258789,254640
2022-10-03,97.4000015258789,99.30000305175781,93.5999984741211,95.4000015258789,207765
2022-10-04,104.80000305175781,105.0999984741211,99.80000305175781,99.80000305175781,336665
2022-10-05,102.19999694824219,103.0,97.0,102.0,229470
2022-10-06,101.5999984741211,104.5999984741211,99.19999694824219,101.80000305175781,174110
2022-10-07,97.0,99.80000305175781,95.80000305175781,99.80000305175781,201645
2022-10-10,98.4000015258789,99.0,95.4000015258789,97.5999984741211,167595
2022-10-11,94.4000015258789,98.4000015258789,91.19999694824219,97.0,253815
2022-10-12,95.80000305175781,96.19999694824219,92.19999694824219,94.0,187900
2022-10-13,94.4000015258789,95.5999984741211,89.19999694824219,92.0,284650
2022-10-14,91.80000305175781,99.19999694824219,91.5999984741211,95.80000305175781,225800
2022-10-17,94.80000305175781,96.5999984741211,94.0,95.0,216590
2022-10-18,93.4000015258789,99.5,92.4000015258789,97.5999984741211,237505
2022-10-19,89.5999984741211,93.19999694824219,88.80000305175781,92.80000305175781,241170
2022-10-20,85.19999694824219,90.5999984741211,85.19999694824219,89.4000015258789,225945
2022-10-21,89.0,89.0,82.19999694824219,84.19999694824219,302095
2022-10-24,89.19999694824219,89.80000305175781,85.80000305175781,89.0,167045
2022-10-25,92.4000015258789,94.19999694824219,88.81999969482422,89.0,221465
2022-10-26,89.19999694824219,94.19999694824219,88.80000305175781,91.19999694824219,247970
2022-10-27,90.19999694824219,94.5,89.69999694824219,90.4000015258789,204110
2022-10-28,93.19999694824219,93.4000015258789,88.19999694824219,90.80000305175781,210605
2022-10-31,92.4000015258789,94.0999984741211,91.45999908447266,92.80000305175781,191170
2022-11-01,95.80000305175781,100.16000366210938,94.80000305175781,95.80000305175781,257455
2022-11-02,90.5999984741211,98.0,90.5999984741211,96.19999694824219,270905
2022-11-03,91.5999984741211,92.80000305175781,88.19999694824219,90.19999694824219,301120
2022-11-04,98.4000015258789,98.5,92.19999694824219,96.0,329930
2022-11-07,104.19999694824219,105.0999984741211,96.19999694824219,96.4000015258789,403960
2022-11-08,100.0,105.0,97.4000015258789,104.0,401540
2022-11-09,94.5999984741211,104.0999984741211,94.19999694824219,98.4000015258789,286025
2022-11-10,105.80000305175781,106.0,100.19999694824219,100.19999694824219,405055
2022-11-11,110.0,111.5,104.80000305175781,105.19999694824219,322675
2022-11-14,109.19999694824219,112.0,106.19999694824219,108.5999984741211,278315
2022-11-15,109.80000305175781,113.36000061035156,107.4000015258789,112.19999694824219,375650
2022-11-16,107.19999694824219,108.5999984741211,104.5999984741211,107.80000305175781,151595
2022-11-17,106.19999694824219,107.19999694824219,102.0,104.4000015258789,152735
2022-11-18,106.0,110.0,105.19999694824219,108.19999694824219,155440
2022-11-21,100.80000305175781,105.0,100.0,105.0,184605
2022-11-22,100.4000015258789,102.0,99.0999984741211,101.4000015258789,129425
2022-11-23,102.80000305175781,104.0,100.19999694824219,100.80000305175781,166335
2022-11-25,102.0,102.5,101.0,102.4000015258789,59985
2022-11-28,95.19999694824219,102.0,94.4000015258789,100.0,225845
2022-11-29,98.19999694824219,100.5,96.0,96.0,241730
2022-11-30,101.80000305175781,102.80000305175781,94.5999984741211,99.0,245880
2022-12-01,104.0,106.5999984741211,98.69999694824219,103.0,258235
2022-12-02,102.80000305175781,103.4000015258789,100.19999694824219,100.19999694824219,162750
2022-12-05,102.4000015258789,107.5999984741211,100.69999694824219,102.0,285815
2022-12-06,92.4000015258789,102.80000305175781,91.4000015258789,102.5999984741211,405740
2022-12-07,91.5999984741211,94.0,90.5999984741211,92.19999694824219,204840
2022-12-08,93.5999984741211,95.19999694824219,89.4000015258789,93.0,193025
2022-12-09,93.0,97.19999694824219,92.19999694824219,92.5999984741211,265075
2022-12-12,95.4000015258789,97.19999694824219,92.0,93.0,246375
2022-12-13,94.19999694824219,101.4000015258789,92.5999984741211,99.5999984741211,321925
2022-12-14,91.5999984741211,95.0999984741211,91.4000015258789,94.4000015258789,243695
2022-12-15,85.4000015258789,90.30000305175781,84.4000015258789,89.5999984741211,389335
2022-12-16,82.19999694824219,86.0,80.4000015258789,84.19999694824219,829800
2022-12-19,76.0,83.0,75.19999694824219,82.80000305175781,356905
2022-12-20,73.4000015258789,78.19999694824219,72.69999694824219,75.4000015258789,310605
2022-12-21,75.19999694824219,76.19999694824219,73.4000015258789,75.0,228610
2022-12-22,74.0,74.5999984741211,69.9000015258789,74.4000015258789,313565
2022-12-23,73.0,75.19999694824219,71.0,74.5999984741211,266810
2022-12-27,65.80000305175781,72.4000015258789,65.5999984741211,72.4000015258789,379570
2022-12-28,66.4000015258789,67.5999984741211,65.0,66.4000015258789,306500
2022-12-29,68.4000015258789,70.0,64.9000015258789,66.80000305175781,344700
2022-12-30,69.5999984741211,69.80000305175781,66.5999984741211,67.5999984741211,318075
2023-01-03,69.80000305175781,76.80000305175781,68.5999984741211,72.4000015258789,383400
2023-01-04,72.80000305175781,73.55999755859375,69.5999984741211,70.19999694824219,242945
2023-01-05,73.19999694824219,73.4000015258789,70.19999694824219,72.0,263145
2023-01-06,73.80000305175781,74.0,70.5999984741211,72.5999984741211,204535
2023-01-09,78.19999694824219,80.9000015258789,75.0,75.0,517885
2023-01-10,80.5999984741211,81.0,75.80000305175781,77.19999694824219,394895
2023-01-11,85.80000305175781,88.0,80.0,81.4000015258789,437620
2023-01-12,92.4000015258789,92.5999984741211,84.26000213623047,87.0,755600
2023-01-13,103.80000305175781,111.80000305175781,98.0999984741211,104.5999984741211,2311440
2023-01-17,111.80000305175781,113.4000015258789,100.63999938964844,104.0,1008305
2023-01-18,98.19999694824219,114.4000015258789,97.0,113.0,900265
2023-01-19,97.19999694824219,101.4000015258789,94.19999694824219,96.19999694824219,554250
2023-01-20,103.80000305175781,104.9000015258789,97.0,99.0,520470
2023-01-23,106.19999694824219,108.19999694824219,102.69999694824219,103.5999984741211,478645
2023-01-24,106.4000015258789,112.80000305175781,104.0,105.5999984741211,492475
2023-01-25,107.19999694824219,107.5999984741211,101.80000305175781,103.80000305175781,276745
2023-01-26,107.5999984741211,111.80000305175781,104.4000015258789,110.0,323325
2023-01-27,114.19999694824219,117.5,106.4000015258789,106.5999984741211,551860
2023-01-30,107.5999984741211,114.19999694824219,107.19999694824219,111.5999984741211,373905
2023-01-31,110.4000015258789,112.4000015258789,107.19999694824219,107.5999984741211,303575
2023-02-01,112.4000015258789,114.0,107.4000015258789,109.5999984741211,386625
2023-02-02,126.80000305175781,130.8000030517578,117.19999694824219,117.19999694824219,1045150
2023-02-03,121.5999984741211,129.0,118.5999984741211,121.80000305175781,653795
2023-02-06,118.80000305175781,132.1999969482422,117.5999984741211,125.0,775480
2023-02-07,119.0,121.0,114.19999694824219,118.80000305175781,552250
2023-02-08,111.4000015258789,118.80000305175781,111.0,118.19999694824219,375425
2023-02-09,103.5999984741211,114.4000015258789,102.5999984741211,112.80000305175781,470695
2023-02-10,99.5999984741211,103.19999694824219,98.5,101.4000015258789,382915
2023-02-13,103.4000015258789,105.0,98.4000015258789,100.0,350595
2023-02-14,105.80000305175781,106.80000305175781,99.4000015258789,101.4000015258789,372190
2023-02-15,120.19999694824219,120.5999984741211,104.0,104.19999694824219,669015
2023-02-16,119.5999984741211,126.19999694824219,116.80000305175781,120.80000305175781,809205
2023-02-17,127.4000015258789,128.39999389648438,117.9000015258789,122.0,624620
2023-02-21,115.0,123.5999984741211,114.5999984741211,121.80000305175781,498255
2023-02-22,115.80000305175781,119.0,113.0,115.0,388350
2023-02-23,115.19999694824219,118.0,110.19999694824219,117.5999984741211,426715
2023-02-24,109.5999984741211,112.80000305175781,109.19999694824219,112.0,286890
2023-02-27,110.0,113.4000015258789,109.19999694824219,110.5999984741211,433780
2023-02-28,114.80000305175781,116.0,107.19999694824219,110.19999694824219,495585
2023-03-01,94.5999984741211,111.04000091552734,94.0,111.0,923090
2023-03-02,102.80000305175781,103.19999694824219,93.0,93.19999694824219,588230
2023-03-03,110.0,111.0,99.80000305175781,102.5999984741211,562100
2023-03-06,108.19999694824219,116.0,106.4000015258789,111.5999984741211,384990
2023-03-07,106.19999694824219,110.4000015258789,103.80000305175781,106.5999984741211,311040
2023-03-08,108.19999694824219,109.4000015258789,104.0,105.5999984741211,271340
2023-03-09,102.0,111.4000015258789,101.5999984741211,109.0,358100
2023-03-10,99.5999984741211,103.5,96.19999694824219,101.5999984741211,435470
2023-03-13,101.5999984741211,104.80000305175781,95.19999694824219,97.0,387985
2023-03-14,100.0,105.0,98.4000015258789,104.0,283690
2023-03-15,92.5999984741211,98.19999694824219,90.5999984741211,98.19999694824219,464310
2023-03-16,91.80000305175781,93.19999694824219,84.4000015258789,90.0,562255
2023-03-17,83.19999694824219,91.19999694824219,82.4000015258789,91.19999694824219,560165
2023-03-20,82.0,84.4000015258789,80.9000015258789,82.4000015258789,301990
2023-03-21,82.4000015258789,85.4000015258789,81.4000015258789,84.0,386360
2023-03-22,78.19999694824219,84.63999938964844,77.80000305175781,83.5999984741211,441135
2023-03-23,80.5999984741211,84.4000015258789,78.80000305175781,79.80000305175781,449880
2023-03-24,82.0,82.54000091552734,78.55999755859375,79.19999694824219,260420
2023-03-27,81.19999694824219,82.5999984741211,78.9000015258789,82.19999694824219,269830
2023-03-28,78.0,81.80000305175781,76.30000305175781,80.80000305175781,346880
2023-03-29,80.80000305175781,81.0,77.30000305175781,78.5999984741211,277220
2023-03-30,81.19999694824219,85.0,80.4000015258789,82.0,409860
2023-03-31,81.0,83.4000015258789,78.4000015258789,79.19999694824219,418235
2023-04-03,77.5999984741211,81.80000305175781,74.5999984741211,80.5999984741211,493560
2023-04-04,68.5999984741211,75.0,66.5999984741211,74.5999984741211,1033060
2023-04-05,63.79999923706055,69.0,62.400001525878906,67.5999984741211,569675
2023-04-06,63.0,63.79999923706055,59.599998474121094,62.79999923706055,683605
2023-04-10,69.19999694824219,70.19999694824219,61.79999923706055,62.0,682715
2023-04-11,71.5999984741211,72.30000305175781,68.80000305175781,69.0,504050
2023-04-12,65.4000015258789,73.5999984741211,65.0,72.0,418335
2023-04-13,69.0,69.5999984741211,66.0,67.0,352795
2023-04-14,66.5999984741211,69.0,64.0,68.19999694824219,313510
2023-04-17,69.4000015258789,70.0999984741211,66.5999984741211,67.5999984741211,312740
2023-04-18,70.5999984741211,71.69999694824219,67.5999984741211,69.0,350465
2023-04-19,72.19999694824219,73.5999984741211,68.4000015258789,69.4000015258789,257640
2023-04-20,71.5999984741211,75.19999694824219,69.4000015258789,71.19999694824219,476345
2023-04-21,70.19999694824219,72.80000305175781,69.0,71.19999694824219,304390
2023-04-24,68.80000305175781,71.55999755859375,67.4000015258789,70.19999694824219,242070
2023-04-25,63.20000076293945,67.4000015258789,62.0,67.4000015258789,511965
2023-04-26,63.79999923706055,67.0999984741211,61.599998474121094,65.19999694824219,467745
2023-04-27,70.19999694824219,70.5999984741211,65.83999633789062,66.0,373815
2023-04-28,72.80000305175781,72.80000305175781,68.5,69.19999694824219,263155
2023-05-01,71.4000015258789,74.5999984741211,69.80000305175781,71.80000305175781,273610
2023-05-02,68.80000305175781,71.19999694824219,67.4000015258789,70.5999984741211,264160
2023-05-03,68.5999984741211,70.80000305175781,67.4000015258789,69.80000305175781,281805
2023-05-04,69.19999694824219,70.0,66.5,68.0,229690
2023-05-05,72.19999694824219,72.5999984741211,70.5999984741211,71.0,197615
2023-05-08,81.5999984741211,89.80000305175781,73.19999694824219,79.4000015258789,1027510
2023-05-09,81.80000305175781,86.0,79.80000305175781,82.80000305175781,694085
2023-05-10,83.4000015258789,87.0,74.19999694824219,79.80000305175781,727440
2023-05-11,81.19999694824219,88.5999984741211,80.80000305175781,83.5999984741211,533085
2023-05-12,80.19999694824219,85.0999984741211,79.4000015258789,82.19999694824219,385445
2023-05-15,80.0,81.0,76.5999984741211,79.80000305175781,280095
2023-05-16,84.19999694824219,87.5999984741211,79.19999694824219,80.80000305175781,496165
2023-05-17,90.0,90.4000015258789,82.19999694824219,87.19999694824219,765575
2023-05-18,89.80000305175781,92.19999694824219,86.5999984741211,90.4000015258789,517075
2023-05-19,87.19999694824219,90.4000015258789,85.4000015258789,90.4000015258789,450145
2023-05-22,98.19999694824219,99.5999984741211,87.19999694824219,88.0,877975
2023-05-23,98.5999984741211,105.0,97.0,99.80000305175781,850895
2023-05-24,88.19999694824219,97.4000015258789,85.5999984741211,97.4000015258789,788750
2023-05-25,81.0,94.4000015258789,79.5999984741211,94.19999694824219,1132755
2023-05-26,67.5999984741211,79.80000305175781,66.19999694824219,77.5999984741211,1451470
2023-05-30,69.80000305175781,70.55999755859375,66.0,69.80000305175781,649275
2023-05-31,69.19999694824219,70.0,66.69999694824219,69.5999984741211,447590
2023-06-01,75.0,75.80000305175781,68.0,69.19999694824219,537110
2023-06-02,76.4000015258789,78.0,72.5999984741211,75.5999984741211,466685
2023-06-05,76.0,77.0,74.19999694824219,76.4000015258789,263785
2023-06-06,79.80000305175781,81.19999694824219,74.19999694824219,75.5999984741211,506525
2023-06-07,83.19999694824219,86.4000015258789,80.4000015258789,80.80000305175781,602005
2023-06-08,82.19999694824219,83.36000061035156,79.4000015258789,81.5999984741211,376955
2023-06-09,80.5999984741211,85.0,79.5999984741211,82.80000305175781,428775
2023-06-12,83.80000305175781,85.4000015258789,80.19999694824219,80.80000305175781,537940
2023-06-13,84.5999984741211,86.80000305175781,83.19999694824219,85.19999694824219,492435
2023-06-14,88.0,90.4000015258789,84.5999984741211,85.4000015258789,683400
2023-06-15,81.19999694824219,87.5999984741211,80.80000305175781,87.0,2084400
2023-06-16,94.5999984741211,119.4000015258789,90.19999694824219,114.4000015258789,7633150
2023-06-20,120.19999694824219,121.19999694824219,96.5999984741211,96.5999984741211,5678730
2023-06-21,114.19999694824219,123.36000061035156,106.4000015258789,120.0,2840660
2023-06-22,106.4000015258789,111.80000305175781,102.19999694824219,111.5999984741211,1835720
2023-06-23,86.80000305175781,96.5999984741211,82.19999694824219,94.19999694824219,3378425
2023-06-26,82.80000305175781,91.19999694824219,82.5999984741211,90.80000305175781,1693590
2023-06-27,86.80000305175781,87.19999694824219,80.5999984741211,83.80000305175781,1260945
2023-06-28,94.80000305175781,97.80000305175781,86.5999984741211,88.5999984741211,2205030
2023-06-29,84.5999984741211,97.5999984741211,81.5999984741211,95.80000305175781,4777615
2023-06-30,77.5999984741211,84.5999984741211,77.19999694824219,84.5999984741211,2591805
2023-07-03,75.4000015258789,77.5999984741211,73.5999984741211,77.19999694824219,1064655
2023-07-05,78.19999694824219,80.5999984741211,74.0,75.4000015258789,1274835
2023-07-06,73.5999984741211,76.80000305175781,72.0,76.80000305175781,1163045
2023-07-07,73.4000015258789,75.4000015258789,73.0,73.5999984741211,850210
2023-07-10,75.5999984741211,75.80000305175781,72.0,73.80000305175781,957215
2023-07-11,77.5999984741211,78.5999984741211,74.0,75.4000015258789,829995
2023-07-12,77.4000015258789,80.19999694824219,76.19999694824219,78.5999984741211,729340
2023-07-13,80.4000015258789,82.4000015258789,78.4000015258789,79.4000015258789,1187780
2023-07-14,76.0,84.5999984741211,75.0,81.19999694824219,1446285
2023-07-17,75.80000305175781,76.69999694824219,73.80000305175781,76.5999984741211,881590
2023-07-18,76.0,78.19999694824219,75.19999694824219,75.5999984741211,649020
2023-07-19,79.5999984741211,81.0,76.80000305175781,77.0,945595
2023-07-20,78.0,79.19999694824219,76.19999694824219,78.5999984741211,645390
2023-07-21,76.5999984741211,79.5999984741211,75.19999694824219,78.0,673780
2023-07-24,75.4000015258789,78.80000305175781,74.4000015258789,77.19999694824219,619285
2023-07-25,73.80000305175781,75.9000015258789,73.4000015258789,75.5999984741211,604635
2023-07-26,78.0,78.19999694824219,73.5999984741211,74.0,759365
2023-07-27,75.0,80.0,74.0,78.5999984741211,793760
2023-07-28,78.5999984741211,79.19999694824219,75.5999984741211,76.5999984741211,691375
2023-07-31,85.5999984741211,86.4000015258789,80.0,80.19999694824219,1430625
2023-08-01,82.80000305175781,84.80000305175781,80.5999984741211,82.4000015258789,892695
2023-08-02,79.19999694824219,85.0,77.0,78.5999984741211,979125
2023-08-03,76.0,78.69999694824219,75.0,78.4000015258789,851660
2023-08-04,74.4000015258789,77.0,73.5999984741211,76.0,798160
2023-08-07,70.5999984741211,75.80000305175781,68.4000015258789,75.5999984741211,1165620
2023-08-08,69.19999694824219,70.0,66.80000305175781,68.69999694824219,655785
2023-08-09,67.5999984741211,72.77999877929688,67.5999984741211,70.0,772720
2023-08-10,64.80000305175781,70.19999694824219,64.5999984741211,69.19999694824219,1225715
2023-08-11,64.80000305175781,65.4000015258789,62.20000076293945,65.4000015258789,905455
2023-08-14,63.0,65.0,61.599998474121094,64.4000015258789,608940
2023-08-15,57.79999923706055,63.0,57.400001525878906,63.0,1317525
2023-08-16,55.400001525878906,58.400001525878906,52.400001525878906,56.20000076293945,985640
2023-08-17,54.599998474121094,57.099998474121094,54.20000076293945,56.0,542415
2023-08-18,57.0,58.79999923706055,52.7400016784668,53.400001525878906,1099965
2023-08-21,55.79999923706055,57.599998474121094,54.79999923706055,57.599998474121094,510580
2023-08-22,55.0,57.79999923706055,52.560001373291016,56.79999923706055,608060
2023-08-23,55.20000076293945,56.79999923706055,53.70000076293945,54.20000076293945,482555
2023-08-24,51.599998474121094,55.20000076293945,49.599998474121094,55.20000076293945,733650
2023-08-25,50.79999923706055,52.0,49.20000076293945,51.599998474121094,526250
2023-08-28,51.79999923706055,52.29999923706055,50.599998474121094,51.79999923706055,407485
2023-08-29,53.599998474121094,55.20000076293945,50.79999923706055,51.79999923706055,540520
2023-08-30,53.0,54.20000076293945,52.0,54.20000076293945,377455
2023-08-31,50.400001525878906,53.599998474121094,50.400001525878906,53.0,595620
2023-09-01,51.599998474121094,52.20000076293945,50.400001525878906,51.0,422500
2023-09-05,51.0,54.0,50.599998474121094,51.400001525878906,737185
2023-09-06,49.599998474121094,52.29999923706055,49.599998474121094,51.400001525878906,474845
2023-09-07,46.79999923706055,49.20000076293945,45.79999923706055,49.0,788985
2023-09-08,45.79999923706055,47.20000076293945,44.400001525878906,47.20000076293945,648385
2023-09-11,41.20000076293945,46.20000076293945,41.0,46.0,1314865
2023-09-12,41.0,42.400001525878906,40.0,40.79999923706055,749785
2023-09-13,38.20000076293945,41.400001525878906,37.599998474121094,40.599998474121094,1165710
2023-09-14,39.79999923706055,41.400001525878906,37.20000076293945,38.0,989620
2023-09-15,41.0,41.79999923706055,39.79999923706055,40.400001525878906,2376220
2023-09-18,37.400001525878906,40.79999923706055,36.599998474121094,40.79999923706055,692050
2023-09-19,40.20000076293945,40.400001525878906,37.41999816894531,37.599998474121094,637295
2023-09-20,38.20000076293945,40.400001525878906,38.20000076293945,40.20000076293945,518875
2023-09-21,36.20000076293945,38.0,35.79999923706055,37.400001525878906,508630
2023-09-22,34.20000076293945,37.599998474121094,34.0,36.79999923706055,559265
2023-09-25,33.599998474121094,34.400001525878906,32.599998474121094,33.79999923706055,451925
2023-09-26,32.599998474121094,35.20000076293945,32.599998474121094,33.20000076293945,442240
2023-09-27,33.0,33.79999923706055,31.399999618530273,33.20000076293945,402910
2023-09-28,34.400001525878906,35.36000061035156,32.599998474121094,33.20000076293945,369250
2023-09-29,36.0,36.29999923706055,34.400001525878906,35.0,324235
2023-10-02,35.400001525878906,36.79999923706055,34.79999923706055,36.599998474121094,357700
2023-10-03,33.20000076293945,34.400001525878906,32.79999923706055,34.0,333505
2023-10-04,32.400001525878906,33.400001525878906,32.0,33.20000076293945,298775
2023-10-05,32.400001525878906,33.400001525878906,31.600000381469727,32.0,325695
2023-10-06,33.599998474121094,34.0,31.600000381469727,32.0,322080
2023-10-09,30.600000381469727,33.400001525878906,30.600000381469727,32.599998474121094,438375
2023-10-10,34.0,35.79999923706055,31.0,31.600000381469727,801765
2023-10-11,33.0,35.79999923706055,32.400001525878906,34.599998474121094,473710
2023-10-12,31.0,33.599998474121094,31.0,33.20000076293945,426105
2023-10-13,32.79999923706055,32.79999923706055,30.5,31.399999618530273,459720
2023-10-16,35.0,35.400001525878906,31.799999237060547,32.599998474121094,478540
2023-10-17,36.599998474121094,37.0,34.0,34.400001525878906,472220
2023-10-18,34.20000076293945,36.400001525878906,33.599998474121094,35.599998474121094,365035
2023-10-19,35.0,35.599998474121094,33.400001525878906,33.79999923706055,356020
2023-10-20,32.79999923706055,34.900001525878906,32.20000076293945,34.400001525878906,585210
2023-10-23,30.799999237060547,33.599998474121094,30.799999237060547,32.599998474121094,408865
2023-10-24,30.600000381469727,32.79999923706055,30.399999618530273,32.0,474170
2023-10-25,28.399999618530273,30.799999237060547,28.200000762939453,30.799999237060547,522065
2023-10-26,29.600000381469727,30.399999618530273,27.799999237060547,28.399999618530273,530375
2023-10-27,27.600000381469727,30.799999237060547,27.600000381469727,30.600000381469727,375150
2023-10-30,28.799999237060547,29.600000381469727,27.600000381469727,28.600000381469727,346570
2023-10-31,29.600000381469727,30.0,28.600000381469727,28.799999237060547,314800
2023-11-01,29.799999237060547,30.200000762939453,28.600000381469727,29.600000381469727,267745
2023-11-02,34.0,34.29999923706055,30.799999237060547,30.799999237060547,734170
2023-11-03,37.0,37.5,34.20000076293945,34.400001525878906,734945
2023-11-06,33.79999923706055,37.20000076293945,33.0,36.79999923706055,514505
2023-11-07,34.79999923706055,35.400001525878906,33.400001525878906,33.599998474121094,448490
2023-11-08,31.200000762939453,34.0,30.799999237060547,33.79999923706055,580570
2023-11-09,37.20000076293945,41.599998474121094,35.20000076293945,36.20000076293945,1874550
2023-11-10,35.79999923706055,38.20000076293945,35.400001525878906,37.79999923706055,601620
2023-11-13,37.79999923706055,38.400001525878906,34.20000076293945,35.400001525878906,522675
2023-11-14,42.599998474121094,42.599998474121094,39.400001525878906,39.599998474121094,834360
2023-11-15,43.79999923706055,47.099998474121094,43.400001525878906,43.599998474121094,918910
2023-11-16,41.599998474121094,43.7599983215332,40.0,43.20000076293945,466030
2023-11-17,43.79999923706055,44.20000076293945,41.400001525878906,42.20000076293945,472340
2023-11-20,45.0,46.0,44.0,44.79999923706055,455695
2023-11-21,42.599998474121094,44.400001525878906,41.20000076293945,44.400001525878906,399260
2023-11-22,39.79999923706055,41.599998474121094,38.29999923706055,40.400001525878906,558875
2023-11-24,42.0,42.20000076293945,37.79999923706055,38.20000076293945,324415
2023-11-27,41.400001525878906,41.779998779296875,39.5,41.400001525878906,447825
2023-11-28,42.400001525878906,42.79999923706055,39.599998474121094,40.79999923706055,499815
2023-11-29,44.0,45.20000076293945,42.400001525878906,43.0,543775
2023-11-30,44.599998474121094,45.599998474121094,42.79999923706055,44.599998474121094,527985
2023-12-01,46.79999923706055,47.0,43.5,43.79999923706055,562995
2023-12-04,38.599998474121094,42.599998474121094,38.400001525878906,39.599998474121094,1404930
2023-12-05,38.20000076293945,38.599998474121094,36.79999923706055,38.20000076293945,493745
2023-12-06,40.400001525878906,42.79999923706055,38.599998474121094,38.79999923706055,941040
2023-12-07,44.599998474121094,44.79999923706055,39.79999923706055,40.400001525878906,822260
2023-12-08,46.599998474121094,46.79999923706055,43.20000076293945,44.20000076293945,710660
2023-12-11,46.400001525878906,47.20000076293945,44.79999923706055,45.0,532900
2023-12-12,44.599998474121094,46.79999923706055,43.400001525878906,46.79999923706055,421350
2023-12-13,49.0,49.20000076293945,43.20000076293945,44.400001525878906,785595
2023-12-14,51.20000076293945,54.400001525878906,49.599998474121094,49.599998474121094,1140470
2023-12-15,50.20000076293945,53.0,49.20000076293945,52.0,1616495
2023-12-18,49.400001525878906,51.20000076293945,48.20000076293945,49.599998474121094,493045
2023-12-19,52.79999923706055,53.0,49.5,49.599998474121094,548465
2023-12-20,47.20000076293945,52.099998474121094,47.0,51.599998474121094,618500
2023-12-21,49.400001525878906,50.20000076293945,48.0,49.599998474121094,327540
2023-12-22,52.0,53.0,48.0,49.400001525878906,578435
2023-12-26,53.0,53.79999923706055,51.0,52.20000076293945,497420
2023-12-27,54.0,54.599998474121094,52.0,53.20000076293945,579540
2023-12-28,50.79999923706055,53.79999923706055,50.20000076293945,53.400001525878906,525475
2023-12-29,49.0,51.400001525878906,47.400001525878906,51.0,567205
