Date,Close,High,Low,Open,Volume,SMA_20,SMA_50,RSI_14
2021-06-23,226.00999450683597,230.5200042724609,224.5,225.5399932861328,3394700,230.98000030517576,261.39560150146485,40.515427903301166
2021-06-24,229.92999267578125,230.0399932861328,226.6699981689453,228.4600067138672,2857700,230.40049972534175,259.4286013793946,43.452910938289186
2021-06-25,224.5399932861328,227.82000732421875,223.22000122070312,226.97000122070312,2507000,229.27299957275386,257.4644012451172,40.49198447101798
2021-06-28,246.69000244140625,248.05999755859372,226.1300048828125,227.63999938964844,7449000,229.78050003051754,255.55820129394533,54.279587338637235
2021-06-29,254.8999938964844,261.1499938964844,250.00999450683597,250.1999969482422,7867600,230.5790000915527,253.99620117187501,58.15004051871549
2021-06-30,253.3000030517578,254.6699981689453,247.0,248.3000030517578,4143500,231.22000045776366,252.6458010864258,57.13493109278628
2021-07-01,241.44000244140625,255.1499938964844,240.52999877929688,251.08999633789065,3611300,231.60900039672853,251.23620086669925,50.146843536579404
2021-07-02,240.72000122070312,246.8000030517578,238.8800048828125,242.0,2325000,232.20550079345708,250.18160064697267,49.74903463910439
2021-07-06,235.41000366210935,243.0,234.0200042724609,243.0,2212600,232.40350112915044,249.05780059814452,46.8003663750325
2021-07-07,251.97000122070312,252.9900054931641,232.33999633789065,238.9600067138672,4804400,233.96900100708012,248.00640045166014,55.63235100425322
2021-07-08,244.2899932861328,246.6000061035156,233.6100006103516,239.0,4350000,234.9675003051758,246.8522003173828,51.37275325747718
2021-07-09,253.8800048828125,256.989990234375,244.2100067138672,245.0,4457400,236.56900024414065,245.96880065917966,55.91218886287406
2021-07-12,247.6699981689453,254.88999938964844,246.8300018310547,254.0,2222100,237.75650024414062,245.02680084228516,52.49478754757206
2021-07-13,243.30999755859372,249.1499938964844,242.92999267578125,245.50999450683597,3308000,237.96699981689454,243.94020050048826,50.175980970744995
2021-07-14,229.94000244140625,247.4499969482422,229.16000366210935,244.8999938964844,4808400,237.85349960327147,242.65480072021484,43.78839510636762
2021-07-15,224.6300048828125,234.47000122070312,220.3699951171875,229.94000244140625,3635900,237.68249969482423,241.53420074462886,41.527282715975105
2021-07-16,225.00999450683597,231.3000030517578,220.66000366210935,227.1999969482422,3373100,237.39999923706057,240.57440063476557,41.759050818870385
2021-07-19,220.6100006103516,221.88999938964844,213.22000122070312,216.9199981689453,3149300,236.96599960327146,239.85140045166008,39.79223478802835
2021-07-20,224.9600067138672,226.88999938964844,213.22999572753903,216.7100067138672,3104800,237.08399963378903,239.07660034179682,42.66723879800519
2021-07-21,230.8699951171875,237.1499938964844,229.19000244140625,231.6999969482422,3677400,237.50399932861328,237.825,46.41128126946515
2021-07-22,226.0800018310547,232.32000732421875,224.5,232.0,2551700,237.5074996948242,236.28660003662105,43.90851868669453
2021-07-23,224.9199981689453,227.3500061035156,222.72999572753903,226.22000122070312,1574700,237.2569999694824,235.1128002929687,43.29955877274184
2021-07-26,245.4499969482422,249.8000030517578,237.8800048828125,240.0800018310547,7615700,238.30250015258787,234.71980010986323,55.15393071635871
2021-07-27,235.0800018310547,243.2100067138672,229.1199951171875,243.0,5636400,237.7220001220703,234.25400024414057,49.521915056242875
2021-07-28,241.75,242.8699951171875,238.02999877929688,240.3000030517578,2065200,237.06450042724612,234.12420013427732,52.85649474910719
2021-07-29,235.77999877929688,245.16000366210935,235.3300018310547,241.7700042724609,2453100,236.18850021362306,234.05980010986326,49.69231703856644
2021-07-30,236.5800018310547,238.07000732421875,231.8999938964844,233.27999877929688,2041100,235.94550018310548,234.29540008544922,50.12320361625471
2021-08-02,235.3999938964844,240.3800048828125,233.8000030517578,237.27999877929688,2151300,235.67949981689452,234.3354000854492,49.450418172972284
2021-08-03,230.17999267578125,235.69000244140625,226.91000366210935,233.8699951171875,2850500,235.41799926757812,234.4519998168945,46.47834961028468
2021-08-04,244.3600006103516,245.47000122070312,229.8500061035156,231.05999755859372,3684700,235.0374992370606,234.83319976806638,54.48159986816726
2021-08-05,255.5,258.3099975585937,237.58999633789065,239.75999450683597,6017800,235.59799957275396,235.09499969482425,59.59349111786436
2021-08-06,258.260009765625,263.8999938964844,250.22999572753903,255.5,5579900,235.81699981689454,235.42979980468752,60.76902158993041
2021-08-09,280.4700012207031,282.42999267578125,267.5,267.8500061035156,8892400,237.4569999694824,236.09739990234382,68.66832261989276
2021-08-10,269.6700134277344,281.5,264.25,280.6700134277344,7723400,238.77500076293944,236.76000030517582,62.118356708101295
2021-08-11,278.3999938964844,294.0,274.3500061035156,282.3399963378906,13998300,241.19800033569337,237.54940032958987,65.02267298705166
2021-08-12,256.5,267.75,255.1999969482422,266.3900146484375,8247800,242.79150009155276,237.86980041503912,53.86577596858308
2021-08-13,261.25,266.5,259.9700012207031,262.82000732421875,4472800,244.60350036621094,238.42160034179693,55.64352295244343
2021-08-16,256.8299865722656,265.42999267578125,253.6000061035156,265.260009765625,3232200,246.41449966430665,238.98240020751956,53.57471002299488
2021-08-17,250.8000030517578,260.739990234375,246.22999572753903,253.13999938964844,3102000,247.70649948120115,239.36940032958992,50.79981866088083
2021-08-18,244.38999938964844,254.3999938964844,243.75999450683597,249.0,2565000,248.3824996948242,239.8440002441407,47.95628406941177
2021-08-19,248.2400054931641,249.7700042724609,239.19000244140625,240.6000061035156,3247200,249.49049987792966,240.32240020751956,49.77475450900404
2021-08-20,257.32000732421875,260.6199951171875,251.4199981689453,252.0,4031100,251.11050033569333,241.03180023193366,53.86870681345665
2021-08-23,256.0,266.5,255.0,263.6700134277344,5705300,251.63800048828122,241.67340026855473,53.18993274876803
2021-08-24,259.2799987792969,260.25,253.1999969482422,256.989990234375,3982800,252.84800033569334,242.07700012207042,54.71682225532804
2021-08-25,256.7699890136719,262.1099853515625,256.0,257.0,2675100,253.59899978637694,242.5681997680665,53.28445210385641
2021-08-26,248.5399932861328,255.1999969482422,248.5,253.2100067138672,3038900,254.23699951171875,242.97799957275396,48.775790946754014
2021-08-27,259.1199951171875,259.6700134277344,248.08999633789065,249.38999938964844,3201400,255.36399917602537,243.54719940185552,54.147150664864235
2021-08-30,262.6600036621094,263.3399963378906,256.25,256.3500061035156,2687600,256.7269996643066,244.21459960937506,55.816593023855944
2021-08-31,259.0,263.3999938964844,257.17999267578125,260.0199890136719,2493800,258.1680000305176,244.94259948730473,53.64202904202615
2021-09-01,265.8999938964844,272.1000061035156,258.6300048828125,260.3099975585937,4789600,259.24499969482423,245.8111993408203,57.0400387635529
2021-09-02,268.17999267578125,275.6600036621094,266.0,272.5400085449219,3733200,259.8789993286133,246.65459930419922,58.132112193659864
2021-09-03,278.44000244140625,280.6099853515625,270.0299987792969,272.0,4425700,260.8879989624023,247.62479949951174,62.724224404319905
2021-09-07,266.8099975585937,278.8699951171875,262.6000061035156,277.0,5173000,260.20499877929683,248.47019958496097,55.31773154178563
2021-09-08,258.20001220703125,262.95001220703125,253.8800048828125,257.0,4507600,259.6314987182617,248.70039978027347,50.55808078533331
2021-09-09,256.4200134277344,263.8099975585937,255.6999969482422,260.29998779296875,3074500,258.53249969482425,248.73080017089845,49.607776985043756
2021-09-10,248.32000732421875,258.8699951171875,247.3999938964844,257.3099975585937,3191300,258.12350006103514,248.63120025634765,45.42365543571026
2021-09-13,242.83999633789065,251.8800048828125,239.6000061035156,246.50999450683597,4021400,257.2029998779297,248.65920013427734,42.793889738198004
2021-09-14,243.0,248.7899932861328,241.2700042724609,247.25,2748900,256.5115005493164,248.7048001098633,42.89783882964663
2021-09-15,247.07000732421875,249.47000122070312,242.0500030517578,244.0,2148300,256.32500076293945,248.9380001831055,45.60543409238811
2021-09-16,243.2100067138672,247.4600067138672,239.6100006103516,247.3800048828125,2596800,256.26600112915037,248.7628002929688,43.49881742363781
2021-09-17,245.19000244140625,245.6300048828125,238.75,243.1300048828125,2948000,256.11350097656253,248.78080047607426,44.904687339269415
2021-09-20,236.52999877929688,237.3600006103516,231.1499938964844,234.4499969482422,4192600,255.07400054931642,248.43380035400395,40.19397034975482
2021-09-21,238.4600067138672,240.25999450683597,234.25999450683597,237.00999450683597,2174700,254.1970008850098,248.24960052490243,41.66278412701588
2021-09-22,241.8500061035156,243.1999969482422,237.75999450683597,239.91000366210935,1660200,253.32550125122071,248.22040069580086,44.25261540561048
2021-09-23,237.5,245.8000030517578,237.07000732421875,244.57000732421875,3151300,252.36200180053712,248.37160064697272,41.694725646172884
2021-09-24,231.82000732421875,235.30999755859372,229.1699981689453,231.0,3700000,251.52600250244143,248.51540069580082,38.56051422111296
2021-09-27,232.2400054931641,233.3999938964844,227.3500061035156,231.8800048828125,3234800,250.18200302124026,248.66000091552738,38.926098187286186
2021-09-28,229.83999633789065,232.50999450683597,227.5200042724609,229.67999267578125,3231200,248.54100265502933,248.84460083007818,37.55106856998299
2021-09-29,225.27999877929688,233.7700042724609,225.0399932861328,231.0,2547300,246.8550025939942,248.85100067138677,35.019892355038266
2021-09-30,227.47999572753903,229.9900054931641,225.27999877929688,227.0,2514700,244.9340026855469,248.7832006835938,37.218628086898505
2021-10-01,231.1499938964844,235.75999450683597,226.92999267578125,232.88999938964844,3457300,243.08250274658207,248.8846005249024,40.81631262928413
2021-10-04,229.30999755859372,233.1000061035156,224.50999450683597,231.4900054931641,2591100,240.62600250244145,248.97240051269532,39.59133483187301
2021-10-05,240.08999633789065,240.08999633789065,230.7899932861328,231.3500061035156,2994400,239.2900024414063,248.86520050048827,49.208962687676674
2021-10-06,250.3800048828125,252.13999938964844,242.1999969482422,242.3999938964844,5747700,238.89900207519534,249.17120056152345,56.35245041935629
2021-10-07,251.58999633789065,253.0,245.6499938964844,248.0,3213200,238.65750122070312,249.36800048828127,57.11622893999664
2021-10-08,248.13999938964844,256.17999267578125,246.8999938964844,253.52999877929688,2873700,238.64850082397462,249.61520050048833,54.20378051915967
2021-10-11,256.5,263.19000244140625,248.4900054931641,249.57000732421875,4945300,239.33150100708005,250.01360046386722,59.582079750503084
2021-10-12,249.3300018310547,256.3699951171875,246.0800018310547,254.25999450683597,3971900,239.64800109863282,250.29220062255862,53.75160173098348
2021-10-13,246.77999877929688,249.72999572753903,244.55999755859372,246.5,2878000,239.6335006713867,250.62420074462895,51.8097919208861
2021-10-14,260.0,262.95001220703125,249.1000061035156,250.8999938964844,6299100,240.47300033569334,250.93700073242186,59.898069372592815
2021-10-15,280.6099853515625,281.7200012207031,266.5299987792969,266.6000061035156,9517500,242.24399948120117,251.4392004394531,68.7141581639158
2021-10-18,293.3399963378906,296.9800109863281,271.5,275.739990234375,11789600,245.08449935913086,252.14080017089842,72.70552142093155
2021-10-19,305.6300048828125,307.8500061035156,294.1099853515625,300.0,14785700,248.44299926757813,252.64400024414059,75.90193957388774
2021-10-20,314.7099914550781,317.3699951171875,303.9599914550781,306.6600036621094,10315300,252.08599853515625,253.54479980468747,77.95592938366887
2021-10-21,300.010009765625,317.17999267578125,298.0,311.9599914550781,8289200,255.2114990234375,253.97700012207025,67.87011337669801
2021-10-22,300.8399963378906,306.0,293.6199951171875,302.0,5437300,258.6624984741211,254.86380004882807,68.12090144820189
2021-10-25,325.5400085449219,327.0,305.1099853515625,306.760009765625,8444900,263.32749862670903,256.1496002197265,74.4998747129132
2021-10-26,319.489990234375,328.4800109863281,315.510009765625,328.1499938964844,7635800,267.8099983215332,257.4028002929687,70.76474327056401
2021-10-27,311.6700134277344,320.2799987792969,306.5,309.3299865722656,5253300,272.1294990539551,258.62020050048824,66.14834977268363
2021-10-28,319.1300048828125,327.7200012207031,311.0,319.8099975585937,5952300,276.7119995117188,260.11500061035144,68.27458241318662
2021-10-29,319.4200134277344,326.5,316.1400146484375,319.32000732421875,3766400,281.12550048828126,261.53860076904294,68.35778846467485
2021-11-01,330.989990234375,338.42999267578125,323.8999938964844,324.7699890136719,6255900,286.2095001220704,263.01200042724605,71.5622109582171
2021-11-02,336.3399963378906,345.25,332.1400146484375,336.3299865722656,6104700,291.02200012207027,264.61880035400384,72.9274795669416
2021-11-03,344.3800048828125,344.4700012207031,328.3099975585937,335.260009765625,4809800,295.7220001220703,266.32080047607417,74.8793044604034
2021-11-04,344.45001220703125,345.8500061035156,333.8800048828125,340.739990234375,5893700,300.36500091552733,268.07440093994137,74.89627602826971
2021-11-05,337.04998779296875,345.2300109863281,333.44000244140625,345.2300109863281,3527600,304.81050033569335,269.84460083007804,69.54759408895414
2021-11-08,353.9200134277344,363.1700134277344,345.5599975585937,349.5,8531100,309.6815010070801,271.740601196289,74.09031410243264
2021-11-09,357.3900146484375,368.8999938964844,345.0599975585937,367.3900146484375,10153700,315.08450164794925,273.6352014160155,74.91908834852586
2021-11-10,328.6000061035156,348.9800109863281,320.0,327.2200012207031,15168900,319.1755020141602,275.0272015380859,58.26625745103716
2021-11-11,336.3900146484375,342.489990234375,327.0,327.42999267578125,4905800,322.9950027465821,276.43700195312493,60.80493641810536
2021-11-12,342.9800109863281,344.0,332.5599975585937,339.25,4469900,326.11350402832034,277.9330023193359,62.863001817505825
2021-11-15,345.3599853515625,355.20001220703125,339.0299987792969,345.1000061035156,4465700,328.71450347900395,279.27140197753897,63.60623748689407
2021-11-16,342.1199951171875,347.3999938964844,331.5799865722656,333.1400146484375,4128100,330.5390029907227,280.77760192871085,61.79316043533736
2021-11-17,346.5199890136719,348.489990234375,338.17999267578125,342.0299987792969,3772100,332.12950286865237,282.54400146484363,63.322180280963615
2021-11-18,323.57000732421875,344.8399963378906,323.4100036621094,343.0,5408800,333.30750274658203,283.8870013427733,51.70022077460404
2021-11-19,332.54998779296875,339.4100036621094,325.3999938964844,325.5599975585937,3680400,334.89300231933595,285.57160095214834,55.16753979359902
2021-11-22,315.4800109863281,335.8999938964844,310.6700134277344,333.3299865722656,5013600,334.39000244140624,287.0244012451172,48.09903947089915
2021-11-23,317.20001220703125,319.70001220703125,304.6000061035156,312.5,3465000,334.27550354003904,288.5084014892578,48.81074926999809
2021-11-24,312.3800048828125,316.32000732421875,305.8800048828125,309.3800048828125,2759800,334.311003112793,289.81460144042967,46.87104375238214
2021-11-26,303.19000244140625,307.9200134277344,299.1499938964844,301.29998779296875,2678700,333.51400299072264,291.0142013549804,43.335044340864066
2021-11-29,319.3900146484375,321.5799865722656,306.75,312.2200012207031,4159700,333.51250305175785,292.498201599121,50.43373358315026
2021-11-30,315.0,331.70001220703125,310.9800109863281,320.75,7168400,332.7130035400391,294.0676016235351,48.65493877701284
2021-12-01,294.5,323.0,293.70001220703125,318.6000061035156,4267500,330.62100372314455,295.1884014892577,41.32514589032984
2021-12-02,284.7099914550781,305.32000732421875,283.82000732421875,295.1600036621094,4625100,327.63750305175785,296.04560119628894,38.35358501980669
2021-12-03,265.6499938964844,286.0,258.1600036621094,286.0,7271100,323.69750213623047,296.6086010742187,33.3288313666276
2021-12-06,263.239990234375,267.2300109863281,244.4600067138672,253.1300048828125,5366400,320.00700225830076,297.23700073242185,32.744675099361636
2021-12-07,286.4200134277344,290.19000244140625,274.9100036621094,277.6499938964844,4648200,316.6320022583008,298.32060089111326,43.0786014833232
2021-12-08,287.4800109863281,290.0,278.2900085449219,284.44000244140625,2495900,313.1365020751953,299.47340118408204,43.50608174616945
2021-12-09,263.9100036621094,284.989990234375,258.9200134277344,284.9700012207031,5394600,309.902001953125,300.2460012817383,36.87464165752508
2021-12-10,255.75999450683597,269.19000244140625,250.1499938964844,266.29998779296875,5062100,305.87050094604496,300.81160125732424,34.894061328450505
2021-12-13,251.3699951171875,256.5,244.8000030517578,252.13999938964844,3410400,301.29000015258794,301.21600128173833,33.83971710456994
2021-12-14,255.8600006103516,260.5,243.5,247.27999877929688,3866600,296.8150009155273,301.7470013427735,35.97068475217331
2021-12-15,258.29998779296875,261.1700134277344,242.25999450683597,254.4900054931641,4623500,292.6240005493164,302.1112011718751,37.155289820673595
2021-12-16,247.1699981689453,268.260009765625,244.6300048828125,264.4599914550781,3346600,287.65650100708,302.0470010375977,34.05980431064351
2021-12-17,243.3500061035156,250.47999572753903,236.0,240.0,4420300,283.64550094604493,301.8822012329102,33.04231245750885
2021-12-20,238.0500030517578,239.3699951171875,231.7700042724609,236.55999755859372,3572200,278.9205017089844,301.6804013061523,31.630449642701677
2021-12-21,247.69000244140625,248.1199951171875,239.58999633789065,244.1499938964844,2776500,275.5310012817383,301.50420135498035,36.91079907373265
2021-12-22,254.5500030517578,254.7899932861328,245.63999938964844,248.50999450683597,3779100,272.39850082397464,301.6086013793945,40.436243326578705
2021-12-23,268.1499938964844,269.3099975585937,253.5,256.5599975585937,4106100,270.1870002746582,302.0360012817382,46.78504380564941
2021-12-27,280.2699890136719,281.989990234375,270.20001220703125,270.260009765625,4448900,269.04099960327153,302.44140106201166,51.7235276588606
2021-12-28,261.3299865722656,270.9800109863281,259.69000244140625,270.0,4372800,266.1379981994629,302.05580108642573,44.73661494328527
2021-12-29,252.6000061035156,263.010009765625,251.3699951171875,256.6700134277344,3474300,263.0179985046387,301.24100128173825,41.92541050875633
2021-12-30,256.7900085449219,260.0,252.0399932861328,252.6000061035156,2887600,261.13249893188475,300.26420135498046,43.75233050814635
2021-12-31,252.3699951171875,259.2099914550781,251.5200042724609,255.80999755859372,2360300,259.51549911499023,299.0174014282227,42.242671866944285
2022-01-03,251.0500030517578,261.6300048828125,250.63999938964844,256.2699890136719,3350900,258.7854995727539,298.03820129394535,41.779045111085445
2022-01-04,250.1499938964844,258.8099975585937,244.13999938964844,253.0500030517578,3652600,258.13099975585936,297.02440124511725,41.44504240173413
2022-01-05,234.22999572753903,248.69000244140625,232.8600006103516,247.72000122070312,5196300,255.5214988708496,295.19820098876966,35.967535532044835
2022-01-06,234.0,235.97999572753903,224.8800048828125,233.19000244140625,5236000,252.84749832153318,293.4884011840821,35.89372975283215
2022-01-07,232.3300018310547,238.47999572753903,227.58999633789065,233.6300048828125,3312000,251.26849822998045,291.9016009521485,35.32688267235116
2022-01-10,225.00999450683597,225.25999450683597,214.63999938964844,224.42999267578125,6800800,249.73099822998043,290.01920074462896,32.87608413364799
2022-01-11,237.22999572753903,238.0,222.17999267578125,225.5,5585600,249.02399826049802,288.37540039062515,40.31960488640091
2022-01-12,234.6999969482422,246.2700042724609,234.4199981689453,242.1100006103516,3937000,247.96599807739256,286.44960052490245,39.3467594737934
2022-01-13,228.22999572753903,242.8699951171875,227.19000244140625,241.9900054931641,3814100,246.4624984741211,284.2874005126954,36.89507434940899
2022-01-14,230.02999877929688,232.0,222.3000030517578,226.6199951171875,4325600,245.60549850463866,282.00040039062515,38.0515584563977
2022-01-18,222.0,227.19000244140625,219.6000061035156,226.82000732421875,3483000,244.53799819946286,279.5514001464845,34.972421314650475
2022-01-19,219.5,227.1699981689453,218.82000732421875,224.25,2976700,243.610498046875,277.2004003906251,34.04864747040462
2022-01-20,221.6199951171875,232.0,220.83999633789065,222.3000030517578,3691200,242.30699768066407,274.5544000244142,35.60207629809079
2022-01-21,191.97000122070312,210.19000244140625,186.8600006103516,209.97999572753903,13628300,239.17799758911136,271.2459997558595,26.279131813663483
2022-01-24,191.47999572753903,191.8600006103516,162.50999450683594,173.17999267578125,12978700,235.3444976806641,268.50359954833993,26.157224306150106
2022-01-25,185.6300048828125,193.1199951171875,177.14999389648438,185.1699981689453,6271300,230.6124984741211,265.4883993530274,24.684943989732226
2022-01-26,178.63999938964844,198.0500030517578,177.0,193.6000061035156,7566300,226.4779991149903,262.20159912109375,23.01781229777804
2022-01-27,170.1999969482422,182.75,168.5800018310547,182.02999877929688,5551900,222.3579986572266,258.69839935302736,21.159601480773063
2022-01-28,177.5800018310547,181.75,162.1999969482422,169.10000610351562,6475800,218.39749832153325,255.40759948730468,26.729637935215344
2022-01-31,190.1499938964844,192.0,175.02999877929688,177.8699951171875,4060500,215.2864982604981,252.28019958496094,35.135449965623216
2022-02-01,197.72999572753903,201.4499969482422,188.6199951171875,197.97000122070312,5159000,212.62049789428715,249.76339935302735,39.632941373773086
2022-02-02,187.3699951171875,197.0,181.72999572753903,195.80999755859372,3861700,209.4814979553223,246.8597994995117,35.96273259071775
2022-02-03,181.30999755859372,189.3000030517578,179.0,182.25999450683597,3417000,206.83549804687502,244.17639923095703,33.980469942351455
2022-02-04,194.44000244140625,197.0,177.4499969482422,181.0200042724609,4397900,204.8574981689453,241.72119903564453,41.503848733684826
2022-02-07,205.7400054931641,211.1100006103516,198.1999969482422,198.6999969482422,6668300,203.5279983520508,239.58839904785157,47.091907452268835
2022-02-08,208.72999572753903,209.25,196.75,200.3699951171875,4639100,202.7139984130859,237.69919891357418,48.493970781537534
2022-02-09,214.5,215.25,207.6100006103516,210.17999267578125,3811700,201.57749862670897,235.60139862060544,51.182484442529805
2022-02-10,204.7700042724609,217.4900054931641,202.8600006103516,210.57000732421875,4587400,200.0809989929199,233.3967987060547,46.7508410682722
2022-02-11,194.52999877929688,205.97999572753903,191.0200042724609,205.8000030517578,5054200,198.39599914550777,231.3973986816406,42.57301747897617
2022-02-14,195.25,203.55999755859372,193.4600067138672,193.47999572753903,4528100,196.65699920654293,229.60819885253906,42.95899813562821
2022-02-15,208.9499969482422,209.30999755859372,201.17999267578125,202.30999755859372,3714300,196.00449905395504,228.47419891357418,49.86410266077012
2022-02-16,207.9600067138672,214.0200042724609,203.8300018310547,205.3800048828125,3593600,195.42749938964837,227.368599243164,49.398737268177655
2022-02-17,191.9199981689453,206.30999755859372,188.92999267578125,202.1000061035156,4740600,193.9424995422363,225.47859893798827,42.48106696700142
2022-02-18,189.16000366210935,192.72000122070312,180.5399932861328,191.0800018310547,4502200,193.8019996643066,223.51219879150395,41.406578729668475
2022-02-22,176.75999450683594,185.75,173.16000366210938,180.8699951171875,4472800,193.06599960327145,221.76919860839845,36.89181763336646
2022-02-23,172.74000549316406,183.33999633789065,171.77000427246094,180.69000244140625,3892500,192.42149963378904,220.10879882812503,35.53894323086351
2022-02-24,179.55999755859375,183.0,155.9199981689453,159.0800018310547,8134000,192.4674995422363,218.67259887695312,39.58660622601385
2022-02-25,176.8300018310547,182.08999633789065,170.39999389648438,180.2400054931641,6836800,192.79899978637695,217.09199890136716,38.543284087862375
2022-02-28,190.7700042724609,192.22999572753903,172.08999633789062,172.5,8036300,193.45849990844727,215.741399230957,46.32269044087597
2022-03-01,196.1699981689453,205.8800048828125,189.6300048828125,196.27999877929688,7779200,193.7595001220703,214.72139923095705,49.01505677119164
2022-03-02,194.5,196.1499938964844,189.50999450683597,192.25999450683597,3414100,193.59800033569334,213.74439910888668,48.2097055904798
2022-03-03,178.02999877929688,194.9199981689453,177.14999389648438,194.7100067138672,3734400,193.1310005187988,212.5439990234375,41.04668502178236
2022-03-04,165.75,178.66000366210938,162.16000366210938,177.61000061035156,5848700,192.35300064086914,210.9051989746094,36.67164989466688
2022-03-07,161.13999938964844,172.97999572753906,160.22999572753906,168.25,4424000,190.68800048828126,209.03699890136718,35.15669788643403
2022-03-08,161.99000549316406,168.35000610351562,156.52999877929688,160.10000610351562,3840800,188.50050048828123,206.91379913330073,35.684281497151915
2022-03-09,178.97000122070312,181.4499969482422,173.50999450683594,174.25999450683594,4945200,187.01250076293945,204.88779937744138,45.26487667258382
2022-03-10,172.97000122070312,174.49000549316406,168.10000610351562,173.13999938964844,2670600,184.9360008239746,203.12059967041014,42.83665002309283
2022-03-11,160.07000732421875,175.75,160.0,175.35000610351562,3660500,182.70100097656248,201.26999969482424,38.10383524706053
2022-03-14,153.19000244140625,161.6999969482422,150.4199981689453,159.99000549316406,4450000,180.63400115966797,199.1979995727539,35.83011940094677
2022-03-15,155.97999572753906,156.4199981689453,150.1199951171875,152.89999389648438,4245400,178.6705009460449,197.27019958496092,37.45988544574042
2022-03-16,172.52999877929688,173.07000732421875,160.0,160.47000122070312,5974300,176.84950103759766,195.69979949951173,46.1902886199642
2022-03-17,177.22000122070312,177.5,168.0,170.72999572753906,2975900,175.31250076293946,194.2411996459961,48.38904540923168
2022-03-18,185.94000244140625,186.69000244140625,175.0,175.02999877929688,4835700,175.0135009765625,193.2753997802734,52.2923522701206
2022-03-21,176.80999755859375,183.58999633789065,171.6999969482422,181.8000030517578,4214000,174.39600067138673,192.1315997314453,48.1834322882133
2022-03-22,186.0800018310547,188.80999755859372,178.5,180.5,4086100,174.86200103759762,191.2065997314453,52.28315804610457
2022-03-23,183.1100006103516,189.5500030517578,181.8000030517578,184.72000122070312,2311900,175.380500793457,190.3685998535156,50.89380548265698
2022-03-24,190.19000244140625,192.0,179.5,185.25999450683597,3536500,175.91200103759763,189.42779998779295,54.02988908446074
2022-03-25,186.7100067138672,195.6999969482422,182.8000030517578,192.0,3598300,176.40600128173824,188.46800018310546,52.26313213053699
2022-03-28,201.41000366210935,203.2700042724609,193.00999450683597,193.30999755859372,6624000,176.9380012512207,187.93160034179684,58.444622320552824
2022-03-29,204.52999877929688,206.7899932861328,194.0500030517578,198.9499969482422,4811500,177.3560012817383,187.42160034179685,59.63921599501498
2022-03-30,196.6999969482422,206.3300018310547,194.75999450683597,201.2899932861328,3775900,177.4660011291504,186.91560028076168,55.33967390025505
2022-03-31,189.8600006103516,198.0800018310547,189.55999755859372,197.25,2999200,178.05750122070316,186.32280029296874,51.82482384088106
2022-04-01,186.9600067138672,191.8699951171875,184.38999938964844,189.8600006103516,2975900,179.1180015563965,185.62960052490232,50.36426647735791
2022-04-04,191.6499938964844,193.07000732421875,186.16000366210935,187.33999633789065,2488800,180.6435012817383,185.62320037841795,52.68659799318023
2022-04-05,177.1699981689453,191.3300018310547,176.25999450683594,189.75999450683597,5012800,181.40250091552736,185.33700042724607,45.593808032745315
2022-04-06,166.83999633789062,174.3300018310547,165.00999450683594,172.8300018310547,4675300,180.79600067138674,184.96120025634764,41.32018824132069
2022-04-07,166.19000244140625,169.4199981689453,160.67999267578125,166.7100067138672,3093600,180.4570007324219,184.7122003173828,41.05939512363714
2022-04-08,160.94000244140625,166.0,160.1300048828125,165.2100067138672,2951000,180.50050048828126,184.52700042724607,38.9225650085915
2022-04-11,153.8699951171875,157.55999755859375,151.72999572753906,156.57000732421875,4305800,180.5345001220703,184.05280029296873,36.19104833662107
2022-04-12,149.85000610351562,162.44000244140625,149.41000366210938,158.07000732421875,4654400,180.22800064086914,183.24680053710935,34.69990176582841
2022-04-13,154.7899932861328,156.16000366210938,147.8000030517578,149.02999877929688,3740500,179.34100036621092,182.38800048828125,38.0763593007751
2022-04-14,147.2899932861328,154.0,146.82000732421875,153.5399932861328,4082200,177.84449996948243,181.58640045166015,35.108269695336695
2022-04-18,145.16000366210938,149.5,140.52999877929688,145.4499969482422,4668700,175.80550003051755,180.86340057373044,34.290747684855674
2022-04-19,151.27000427246094,152.10000610351562,144.4499969482422,146.02000427246094,2916000,174.52850036621095,180.00000061035155,38.70032204240946
2022-04-20,147.1300048828125,154.9600067138672,144.85000610351562,154.92999267578125,3486000,172.58100051879885,178.82780059814453,36.89370492143475
2022-04-21,137.32000732421875,153.44000244140625,135.30999755859375,151.97000122070312,6252900,170.2915008544922,177.39960083007813,32.96654746143963
2022-04-22,131.52000427246094,141.1999969482422,131.25,137.2899932861328,5162200,167.35800094604494,175.74000091552736,30.874055801435546
2022-04-25,135.13999938964844,137.35000610351562,129.2899932861328,130.00999450683594,4066500,164.77950057983398,174.34740081787106,33.70252655996407
2022-04-26,127.1500015258789,136.77000427246094,126.5199966430664,135.30999755859375,3717600,161.06650047302244,172.99980087280272,30.71517099978276
2022-04-27,122.5500030517578,130.7100067138672,121.9800033569336,125.27999877929688,4658500,156.96750068664548,171.54580093383788,29.115102806360092
2022-04-28,122.69000244140624,126.38999938964844,113.31999969482422,123.69000244140624,8070900,153.26700096130367,169.82060104370117,29.235926336012653
2022-04-29,112.70999908447266,129.08999633789062,112.13999938964844,121.0999984741211,5760900,149.40950088500972,167.9156008911133,25.852962538516834
2022-05-02,121.33999633789062,122.29000091552734,111.8000030517578,113.06999969482422,6229400,146.12850036621094,166.50400085449218,33.06560624145952
2022-05-03,123.55999755859376,129.39999389648438,119.97000122070312,120.2300033569336,5053200,142.72400054931643,165.1920007324219,34.82202780108745
2022-05-04,130.14999389648438,132.80999755859375,116.1999969482422,124.0,6492800,140.37300033569335,164.25980072021483,39.86646589799028
2022-05-05,114.25,125.63999938964844,112.0500030517578,125.0,7324400,137.7435005187988,163.09000061035158,33.191675968254955
2022-05-06,103.73999786376952,112.5,100.25,112.5,9026500,134.621000289917,161.57360061645508,29.65701451317325
2022-05-09,83.51000213623047,96.43000030517578,81.77999877929688,96.0,16845400,130.7495002746582,159.7072006225586,24.294137906282455
2022-05-10,72.98999786376953,89.37999725341797,70.19000244140625,87.0,31780000,126.70550041198732,157.35160049438474,22.060136796538984
2022-05-11,53.720001220703125,61.27999877929688,50.150001525878906,54.84999847412109,67080200,121.8990001678467,154.50260055541995,18.67290982950832
2022-05-12,58.5,60.29999923706055,40.83000183105469,48.540000915527344,58789000,117.08450050354006,151.78260055541992,21.877291358865726
2022-05-13,67.87000274658203,74.25,65.5,69.26000213623047,38264800,113.11350097656252,149.57940063476562,27.876352445139105
2022-05-16,61.70000076293945,68.08000183105469,60.5099983215332,68.05999755859375,18685900,108.94050083160401,147.49840065002445,26.43674450178828
2022-05-17,70.0,70.5,63.11000061035156,66.19999694824219,15868000,104.87700061798095,145.67560066223146,31.55725366292415
2022-05-18,63.02999877929688,71.80999755859375,61.93999862670898,67.69000244140625,17422700,100.67200031280517,143.69640052795413,29.68838709069687
2022-05-19,67.41999816894531,70.98999786376953,63.61000061035156,65.0,15410100,97.1769998550415,141.465400466919,32.40369053110165
2022-05-20,66.1500015258789,70.73999786376953,62.04999923706055,69.37000274658203,15166300,93.9084997177124,139.32900047302252,32.01846539369318
2022-05-23,66.0999984741211,68.6500015258789,62.34999847412109,65.54000091552734,12055700,90.45649967193603,137.44960029602058,32.00233368342631
2022-05-24,61.36000061035156,64.55999755859375,59.119998931884766,64.55999755859375,10714900,87.16699962615967,135.61300025939946,30.43685899075668
2022-05-25,67.16999816894531,68.5,60.9900016784668,61.06999969482422,11062000,84.39799938201905,133.8368003082276,34.656260684068734
2022-05-26,69.87000274658203,71.16999816894531,62.29999923706055,63.970001220703125,12000200,81.75699939727785,131.78360038757327,36.58139746269406
2022-05-27,75.31999969482422,77.18000030517578,69.83999633789062,69.83999633789062,14112800,79.88749942779543,129.74560035705568,40.39847863083161
2022-05-31,78.0999984741211,83.31999969482422,75.5999984741211,80.0,22623200,77.72549953460695,127.58880027770999,42.30603824413621
2022-06-01,68.62999725341797,77.80000305175781,67.80000305175781,77.5,14608500,74.97899951934816,125.42520027160646,37.8607484204547
2022-06-02,73.81999969482422,74.4800033569336,67.27999877929688,67.80000305175781,8607200,72.16249980926516,123.18000022888184,41.4893151613084
2022-06-03,66.69000244140625,70.5,65.61000061035156,69.38999938964844,10213600,69.78449993133545,120.85160026550294,38.18998995301885
2022-06-06,70.66999816894531,74.11000061035156,68.43000030517578,70.76000213623047,9352400,68.13099994659424,118.46120018005371,41.00996607895307
2022-06-07,69.56999969482422,69.97000122070312,64.36000061035156,67.30999755859375,8485100,67.43399982452392,116.11840003967284,40.46053602759709
2022-06-08,69.19999694824219,72.9800033569336,68.30000305175781,69.2300033569336,6276600,67.24449977874757,113.47419990539551,40.26512476209158
2022-06-09,63.7599983215332,69.37999725341797,63.119998931884766,69.08000183105469,9349300,67.74649963378907,110.65879989624023,37.40474810529042
2022-06-10,58.709999084472656,61.630001068115234,57.77000045776367,60.0,10982600,67.75699958801269,107.89899993896483,34.924465592896006
2022-06-13,52.0099983215332,54.29999923706055,46.0,46.18000030517578,28961400,66.96399936676026,105.14199989318847,31.902005181900876
2022-06-14,51.58000183105469,53.290000915527344,48.810001373291016,52.5,17430300,66.457999420166,102.43439979553224,31.712319911552004
2022-06-15,55.0099983215332,56.65999984741211,50.45000076293945,50.93999862670898,16340100,65.70849933624267,99.70159988403321,35.03078093632386
2022-06-16,51.04999923706055,54.43000030517578,50.08000183105469,52.58000183105469,13157700,65.10949935913085,97.17919990539552,33.0348184264688
2022-06-17,51.220001220703125,52.79999923706055,49.27999877929688,50.119998931884766,11771000,64.29949951171875,94.86680000305176,33.21075360682152
2022-06-21,57.4900016784668,60.75,54.09999847412109,54.20000076293945,16916200,63.866499519348146,92.69279998779297,39.521791985550166
2022-06-22,51.90999984741211,56.75,51.56999969482422,53.869998931884766,18947700,63.156999588012695,90.51219993591307,36.23984153285768
2022-06-23,58.880001068115234,59.619998931884766,51.83000183105469,53.59999847412109,15840700,63.03299961090088,88.61240005493164,42.646592110586
2022-06-24,62.709999084472656,64.08999633789062,59.33000183105469,60.0,24381400,62.80999965667725,86.86959991455078,45.86553069623486
2022-06-27,55.959999084472656,60.45000076293945,55.02000045776367,59.560001373291016,15201600,62.11449947357178,84.89300003051757,41.45013785795039
2022-06-28,51.18000030517578,57.25,50.33000183105469,56.2599983215332,10253500,60.907499504089365,82.97080017089846,38.61516127976821
2022-06-29,49.75,51.459999084472656,48.59000015258789,50.5,9776200,59.489999580383305,81.06260009765626,37.78261471466021
2022-06-30,47.02000045776367,48.400001525878906,44.150001525878906,48.20000076293945,12934400,58.40949974060059,78.97760002136229,36.17893517543557
2022-07-01,49.040000915527344,50.15999984741211,47.52000045776367,47.9900016784668,8556500,57.17049980163574,77.0157999420166,38.266872394371475
2022-07-05,55.40999984741211,55.81999969482422,45.95000076293945,48.130001068115234,13087900,56.60649967193603,75.37759979248045,44.439781857139764
2022-07-06,51.709999084472656,56.27000045776367,51.400001525878906,54.16999816894531,11881900,55.6584997177124,73.78139968872071,41.82375733585595
2022-07-07,57.459999084472656,57.650001525878906,52.13999938964844,52.13999938964844,12318500,55.05299968719483,72.22779968261719,47.04121156123651
2022-07-08,60.290000915527344,63.70000076293945,54.5099983215332,55.61000061035156,17950500,54.60749988555908,70.89059967041014,49.4443893135571
2022-07-11,53.880001068115234,58.43000030517578,53.29999923706055,57.540000915527344,10705800,54.113500022888175,69.51719963073728,44.51686871320467
2022-07-12,54.2400016784668,56.11000061035156,52.619998931884766,53.70000076293945,8466200,53.89000015258789,68.1481996154785,44.849292749769965
2022-07-13,53.09999847412109,54.72999954223633,50.400001525878906,51.68000030517578,9439900,53.94450016021729,66.9559996032715,43.95126379159704
2022-07-14,53.41999816894531,54.709999084472656,50.34000015258789,52.34000015258789,9682100,54.036499977111816,65.5975996398926,44.28847960223961
2022-07-15,53.790000915527344,56.54999923706055,51.93000030517578,54.34999847412109,10714300,53.97550010681152,64.20219970703126,44.702751707853324
2022-07-18,58.66999816894531,63.380001068115234,56.68999862670898,56.709999084472656,21226200,54.35650005340577,62.77259979248048,49.98523603918864
2022-07-19,65.83000183105469,65.9800033569336,57.77999877929688,60.86000061035156,19210600,55.08700008392334,61.80419982910158,56.54453530375006
2022-07-20,75.2699966430664,79.0,67.05000305175781,67.08000183105469,34032000,55.97599983215333,61.23479980468751,63.36612078975319
2022-07-21,73.9800033569336,76.62000274658203,70.27999877929688,71.0,17301200,57.079500007629406,61.04419982910157,61.935318326089316
2022-07-22,70.81999969482422,76.56999969482422,69.08999633789062,76.19999694824219,12013300,57.67649993896485,61.00079986572267,58.45341078037472
2022-07-25,67.06999969482422,69.9800033569336,66.30000305175781,68.93000030517578,8797600,57.89449996948243,61.267799835205096,54.53523079579525
2022-07-26,52.93000030517578,62.88999938964844,52.630001068115234,61.68999862670898,26875800,57.743000030517585,61.15639984130861,42.86709691828246
2022-07-27,58.83000183105469,60.61000061035156,53.119998931884766,54.869998931884766,18230200,58.12550010681152,60.97559982299807,47.878176142266796
2022-07-28,62.25,62.95000076293945,55.59000015258789,58.2400016784668,13674800,58.75050010681152,60.986599807739275,50.583831515877094
2022-07-29,62.959999084472656,64.2300033569336,59.77000045776367,60.13999938964844,9113800,59.54750003814697,60.84579978942874,51.15075871789939
2022-08-01,62.70000076293945,63.619998931884766,59.41999816894531,61.18999862670898,7361300,60.230500030517575,60.83919982910158,50.920377388921814
2022-08-02,67.2300033569336,69.58999633789062,60.79999923706055,60.90999984741211,12142100,60.82150020599365,60.83539993286134,54.74488445030004
2022-08-03,80.80999755859375,82.25,67.61000061035156,69.05000305175781,24784200,62.27650012969971,61.12859985351564,63.84134327400647
2022-08-04,88.9000015258789,116.3000030517578,86.79000091552734,106.0999984741211,54342800,63.84850025177002,61.58459991455079,67.97157228467786
2022-08-05,93.0500030517578,98.87000274658205,86.5199966430664,86.58000183105469,24865700,65.48650035858154,62.21839996337893,69.87267928245176
2022-08-08,98.0199966430664,103.5500030517578,93.80999755859376,97.83999633789062,18878700,67.69350013732911,62.83539993286134,72.01501842071396
2022-08-09,87.68000030517578,93.88999938964844,85.5999984741211,93.88999938964844,17411400,69.36550006866456,63.191599884033224,62.118195846806174
2022-08-10,94.13999938964844,95.0,88.0,89.9800033569336,23818200,71.41750011444093,63.5679998779297,65.32441537658934
2022-08-11,84.0,98.6999969482422,82.30999755859375,97.25,23247300,72.94650020599366,63.68599990844727,57.148150764718295
2022-08-12,90.48999786376952,92.4800033569336,83.29000091552734,85.2300033569336,13755200,74.78150005340576,64.1231999206543,60.55146171128423
2022-08-15,91.97000122070312,93.68000030517578,88.58999633789062,89.11000061035156,11001900,76.44650020599366,64.48619995117188,61.30616572479754
2022-08-16,90.38999938964844,95.5,84.23999786376953,90.5500030517578,17034400,77.67450008392335,64.96019989013674,59.98675298909042
2022-08-17,85.44000244140625,88.63999938964844,84.7699966430664,87.51000213623047,10697900,78.18300037384034,65.25559997558595,55.925862901806234
2022-08-18,83.47000122070312,86.36000061035156,81.41999816894531,86.33000183105469,7923300,78.65750026702882,65.53360000610353,54.3489655986265
2022-08-19,74.05999755859375,78.25,74.01000213623047,76.0,13727900,78.81950016021729,65.63080001831055,47.46453636224753
2022-08-22,71.47000122070312,74.94000244140625,70.29000091552734,70.91000366210938,9082400,79.03950023651124,65.78500007629395,45.746895643972394
2022-08-23,71.18000030517578,76.41000366210938,70.5999984741211,71.94999694824219,9598300,79.95200023651124,66.034400100708,45.54814038133749
2022-08-24,71.4800033569336,74.31999969482422,70.70999908447266,71.87999725341797,6675500,80.58450031280518,66.42380020141601,45.81043156173631
2022-08-25,71.37000274658203,72.44999694824219,68.5199966430664,71.83999633789062,8563500,81.04050045013427,66.81960021972655,45.72346261929598
2022-08-26,66.73999786376953,71.80000305175781,65.33999633789062,71.70999908447266,9797300,81.22950038909912,67.05420021057127,42.100544212953395
2022-08-29,66.33999633789062,69.4000015258789,65.45999908447266,65.51000213623047,7944100,81.41150016784667,67.36000015258787,41.79245097584212
2022-08-30,67.02999877929688,69.44999694824219,64.62999725341797,67.97000122070312,8293500,81.40149993896485,67.67620010375974,42.5731490717313
2022-08-31,66.80000305175781,70.37999725341797,66.66000366210938,68.69999694824219,6707900,80.70100021362305,67.86240013122556,42.369159726896164
2022-09-01,65.52999877929688,65.98999786376953,61.90999984741211,65.55000305175781,8046600,79.53250007629394,68.13480010986326,41.19537024144904
2022-09-02,65.26000213623047,68.13999938964844,63.81999969482422,67.70999908447266,6392800,78.14300003051757,68.26240013122556,40.93572479295451
2022-09-06,62.77999877929688,66.87999725341797,62.59999847412109,65.55999755859375,7478100,76.3810001373291,68.26380012512207,38.533314092316054
2022-09-07,68.25,68.7699966430664,61.83000183105469,62.0,8408400,75.4095001220703,68.5096001434326,46.05348941650251
2022-09-08,73.08000183105469,73.33000183105469,65.5,66.36000061035156,9241500,74.35650024414062,68.94760017395018,51.67559779880764
2022-09-09,80.87000274658203,81.04000091552734,75.1500015258789,78.19999694824219,15357100,74.20000038146972,69.57000022888182,59.082257865453656
2022-09-12,82.55000305175781,84.58000183105469,80.5999984741211,82.5999984741211,12554900,73.80300064086914,70.28060028076172,60.488737239457606
2022-09-13,75.25,78.08999633789062,74.3499984741211,75.33999633789062,11235300,72.967000579834,70.80480026245115,52.10729760737695
2022-09-14,78.69999694824219,79.19999694824219,74.11000061035156,75.30000305175781,10840700,72.38250045776368,71.27060020446777,55.26228924831819
2022-09-15,77.2300033569336,82.0,76.62999725341797,77.62999725341797,10950100,71.97200050354006,71.78100028991699,53.64083096185389
2022-09-16,74.0,76.37000274658203,73.5999984741211,75.1500015258789,17089000,71.49850044250489,72.11180030822754,50.15832289236045
2022-09-19,69.93000030517578,72.54000091552734,67.0,71.87999725341797,13135300,71.292000579834,72.30460029602051,46.097190240185675
2022-09-20,67.94000244140625,69.80000305175781,66.16999816894531,68.08999633789062,7974500,71.11550064086914,72.58580032348634,44.21228281637817
2022-09-21,67.63999938964844,72.23999786376953,67.43000030517578,68.9000015258789,12344600,70.93850059509278,72.85380027770996,43.920712910355526
2022-09-22,62.93999862670898,68.9800033569336,62.310001373291016,67.4000015258789,11156900,70.51150035858154,73.05060028076173,39.52318475092218
2022-09-23,61.880001068115234,63.150001525878906,59.43000030517578,61.560001373291016,10932900,70.03700027465821,73.21980033874513,38.58487133771444
2022-09-26,62.27999877929688,66.33000183105469,62.18000030517578,62.97999954223633,9562600,69.81400032043457,73.38960029602052,39.171737043186845
2022-09-27,63.04999923706055,67.55000305175781,61.880001068115234,65.29000091552734,11860500,69.64950046539307,73.47720031738281,40.35332955956939
2022-09-28,67.30999755859375,67.73999786376953,62.7599983215332,62.79999923706055,8482700,69.66350040435792,73.50680023193358,46.54047775282812
2022-09-29,61.93999862670898,65.02999877929688,60.2599983215332,64.62000274658203,11492100,69.42050018310547,73.24020027160643,40.795758847186676
2022-09-30,64.48999786376953,67.58999633789062,61.06999969482422,61.25,10210300,69.36850013732911,73.05040016174316,44.31102113557136
2022-10-03,65.94999694824219,67.86000061035156,61.91999816894531,64.94999694824219,10949200,69.40299987792969,72.95300010681153,46.27780170038129
2022-10-04,74.5,74.62999725341797,69.08000183105469,69.08999633789062,11881400,69.98899993896484,73.10160011291502,56.06384385413765
2022-10-05,72.97000122070312,73.4800033569336,69.27999877929688,71.80000305175781,9222700,70.225,73.50240013122558,54.16249644153959
2022-10-06,73.91000366210938,76.27999877929688,71.33999633789062,73.06999969482422,11103700,70.26650009155273,73.80400016784668,55.16846588370276
2022-10-07,67.0,71.0999984741211,65.5,70.8499984741211,11427900,69.57299995422363,73.89900016784671,47.002320447519836
2022-10-10,67.04000091552734,69.26000213623047,65.43000030517578,67.58000183105469,7714000,68.7974998474121,73.98060020446779,47.05118104998121
2022-10-11,70.16000366210938,72.69000244140625,65.02999877929688,67.61000061035156,17705600,68.54300003051758,74.12980026245118,50.856879886914925
2022-10-12,69.94999694824219,71.8499984741211,67.81999969482422,69.73999786376953,8998900,68.10550003051759,74.18420013427736,50.59328685758363
2022-10-13,69.26000213623047,69.62999725341797,61.060001373291016,63.65999984741211,18342000,67.70699996948242,73.95320022583009,49.68215349224717
2022-10-14,63.59000015258789,73.79000091552734,63.380001068115234,71.8499984741211,13711600,67.18649997711182,73.44700019836426,42.85265438113882
2022-10-17,69.16999816894531,70.94999694824219,66.33999633789062,66.4800033569336,11263300,67.1484998703003,72.96940010070801,50.11962884449476
2022-10-18,66.20999908447266,73.9000015258789,65.30000305175781,72.9000015258789,13874700,67.0619997024536,72.33320014953614,46.72531478946902
2022-10-19,63.18999862670898,66.88999938964844,62.54999923706055,64.81999969482422,8601100,66.83949966430663,71.84340011596679,43.48918757081594
2022-10-20,63.59000015258789,67.43000030517578,62.70000076293945,63.13999938964844,8938700,66.87199974060057,71.23240013122557,44.041996291711925
2022-10-21,66.37999725341797,66.62999725341797,61.70000076293945,63.400001525878906,9156400,67.0969995498657,70.88000007629392,47.872344976639894
2022-10-24,66.38999938964844,68.1500015258789,63.68000030517578,67.4000015258789,8111700,67.30249958038328,70.39800010681151,47.886117173654554
2022-10-25,75.05000305175781,75.4000015258789,66.95999908447266,67.01000213623047,14446900,67.90249977111816,70.05960014343262,58.18665580669908
2022-10-26,73.80999755859375,78.29000091552734,73.0999984741211,75.27999877929688,14102500,68.22749977111815,69.72800010681154,56.465654937194685
2022-10-27,72.47000122070312,75.6500015258789,71.51000213623047,74.51000213623047,5967600,68.75399990081786,69.46860008239746,54.5867298894526
2022-10-28,72.06999969482422,73.72000122070312,69.3499984741211,72.0,7372100,69.1329999923706,69.24060005187988,54.00898801528156
2022-10-31,66.25,74.6500015258789,66.1500015258789,72.37000274658203,10648400,69.1480001449585,69.08440010070801,46.326191005531996
2022-11-01,63.290000915527344,69.70999908447266,63.130001068115234,69.0,8238200,68.58750019073487,68.92080009460452,42.977695347917006
2022-11-02,60.709999084472656,66.20999908447266,60.54999923706055,63.400001525878906,12700900,67.97450008392336,68.71140007019044,40.24702042766846
2022-11-03,55.79999923706055,61.880001068115234,55.75,59.400001525878906,14238800,67.0689998626709,68.39779998779296,35.609943403348225
2022-11-04,58.81999969482422,63.43000030517578,56.400001525878906,60.400001525878906,18901400,66.65999984741211,68.14679992675782,40.175559930921395
2022-11-07,56.970001220703125,60.9900016784668,54.220001220703125,60.0,13659100,66.15649986267091,67.9513999938965,38.38025775715985
2022-11-08,50.83000183105469,58.45000076293945,47.68999862670898,54.5,61868200,65.18999977111817,67.64120010375979,33.09443883838846
2022-11-09,45.97999954223633,49.68999862670898,44.619998931884766,47.09000015258789,42274200,63.99149990081788,67.22020011901859,29.623842652375224
2022-11-10,50.91999816894531,53.93000030517578,49.02000045776367,51.040000915527344,30695400,63.074499702453615,66.90260002136233,36.88418090366482
2022-11-11,57.459999084472656,58.290000915527344,46.25,47.5,30584500,62.767999649047844,66.74120002746584,44.9771852272671
2022-11-14,53.220001220703125,55.7400016784668,52.59999847412109,55.70000076293945,16150900,61.97049980163574,66.50040000915527,41.28146440652488
2022-11-15,55.52999877929688,58.0,54.59999847412109,55.0,14805300,61.43649978637695,66.35540000915528,43.982089837984496
2022-11-16,48.83000183105469,54.02999877929688,48.0,52.83000183105469,24054700,60.718499946594235,65.96700004577637,38.45730075228277
2022-11-17,48.790000915527344,49.970001220703125,45.18000030517578,46.66999816894531,17974700,59.97849998474121,65.48120002746583,38.42626601762218
2022-11-18,45.2599983215332,49.0,44.310001373291016,48.79999923706055,20287300,58.92250003814697,64.76899993896484,35.689138217474536
2022-11-21,41.22999954223633,44.63999938964844,40.61000061035156,43.59999847412109,22382000,57.664500045776364,63.94259986877441,32.81532721422227
2022-11-22,43.38999938964844,44.400001525878906,41.61000061035156,42.34999847412109,20783100,56.081499862670896,63.305399856567384,35.79930352354303
2022-11-23,45.56999969482422,46.16999816894531,42.209999084472656,43.84999847412109,14665800,54.669499969482416,62.64279991149902,38.7558018320309
2022-11-25,44.27999877929688,45.2400016784668,43.70000076293945,44.7599983215332,6451500,53.25999984741212,61.983799819946285,37.65088094102857
2022-11-28,42.5099983215332,44.900001525878906,42.02000045776367,43.29999923706055,10497900,51.78199977874757,61.35399978637695,36.12887300674751
2022-11-29,43.11000061035156,44.650001525878906,42.70000076293945,42.90999984741211,9090600,50.62499980926515,60.817599792480465,37.05772901465844
2022-11-30,45.72999954223633,45.880001068115234,41.5099983215332,43.709999084472656,15562700,49.7469997406006,60.37339973449707,41.08666453936694
2022-12-01,45.27000045776367,47.18999862670898,44.43999862670898,45.81999969482422,11579400,48.97499980926514,59.92599975585937,40.59534427788204
2022-12-02,47.66999816894531,47.70000076293945,43.72999954223633,43.970001220703125,10372100,48.56849975585937,59.6205997467041,44.33542704656173
2022-12-05,46.0,49.84999847412109,45.630001068115234,47.97999954223633,11228300,47.927499771118164,59.3029997253418,42.33795610908155
2022-12-06,42.40999984741211,46.650001525878906,41.72999954223633,45.59999847412109,12156100,47.19949970245361,58.9055997467041,38.339109462467825
2022-12-07,41.2599983215332,43.20000076293945,40.54999923706055,41.880001068115234,10824500,46.72099952697753,58.46979972839355,37.12931813268369
2022-12-08,42.810001373291016,43.900001525878906,40.29999923706055,41.560001373291016,9361800,46.56249961853027,57.979799804687495,39.88282298174084
2022-12-09,40.2400016784668,42.31999969482422,40.150001525878906,41.59999847412109,10030200,46.02849979400634,57.54579986572264,36.99009050835527
2022-12-12,42.59999847412109,42.650001525878906,39.650001525878906,39.97999954223633,9962600,45.285499763488765,57.10799987792968,41.20715172480119
2022-12-13,38.68999862670898,46.33000183105469,38.5,46.0099983215332,20558300,44.558999633789064,56.56279991149901,36.81139783255248
2022-12-14,40.18999862670898,41.900001525878906,38.81999969482422,39.40999984741211,16117600,43.79199962615967,55.8765998840332,39.47867649860947
2022-12-15,37.97999954223633,39.59999847412109,37.43999862670898,38.95000076293945,12013400,43.249499511718746,55.17679985046386,37.0005506987523
2022-12-16,36.59999847412109,38.0099983215332,34.709999084472656,37.400001525878906,18247400,42.63999938964844,54.430599746704104,35.501953132714966
2022-12-19,35.16999816894531,36.68000030517578,34.5099983215332,35.970001220703125,11168300,42.135499382019034,53.793999710083,33.96672844670611
2022-12-20,34.970001220703125,36.86000061035156,34.349998474121094,34.75,9833200,41.82249946594238,53.15259971618652,33.746929360151285
2022-12-21,35.150001525878906,36.09999847412109,34.79999923706055,35.310001373291016,6998600,41.4104995727539,52.45239967346191,34.15987923498951
2022-12-22,34.59000015258789,35.349998474121094,32.95000076293945,34.93000030517578,10335700,40.86149959564209,51.74519973754883,33.46111247566672
2022-12-23,35.4900016784668,35.97999954223633,33.66999816894531,34.77000045776367,8222700,40.4219997406006,51.06979972839356,35.7363165782311
2022-12-27,32.650001525878906,34.560001373291016,32.439998626708984,34.5,10940800,39.92899990081788,50.45099975585938,32.01606292004963
2022-12-28,32.529998779296875,33.47999954223633,31.82999992370605,32.58000183105469,7839700,39.39999980926514,49.71819976806641,31.86511201499737
2022-12-29,34.779998779296875,35.33000183105469,33.369998931884766,33.459999084472656,7675500,38.85249977111816,49.08959976196289,37.78780644089834
2022-12-30,35.38999938964844,35.869998931884766,33.630001068115234,33.959999084472656,8397900,38.3584997177124,48.533599777221674,39.32763765800112
2023-01-03,33.599998474121094,36.93000030517578,33.369998931884766,36.4900016784668,8514300,37.65499973297119,47.93379974365234,36.47467124776635
2023-01-04,37.70000076293945,38.5,34.540000915527344,34.59000015258789,17737400,37.23999977111816,47.36019981384277,46.11670172062429
2023-01-05,33.529998779296875,35.2599983215332,32.75,34.709999084472656,16934500,36.7959997177124,46.70299980163574,39.54276579624447
2023-01-06,33.2599983215332,33.75,31.549999237060547,33.66999816894531,15527800,36.3959997177124,45.86719970703125,39.15358475052312
2023-01-09,38.27000045776367,39.380001068115234,34.720001220703125,35.189998626708984,18904100,36.168999671936035,45.15639976501465,49.153643861041665
2023-01-10,43.22999954223633,43.290000915527344,37.7400016784668,37.7599983215332,24496700,36.31849956512452,44.5715997314453,56.73478831232861
2023-01-11,43.790000915527344,43.84000015258789,40.630001068115234,41.959999084472656,16152700,36.37799968719483,44.005999755859364,57.505165228161054
2023-01-12,47.54999923706055,47.650001525878906,41.66999816894531,45.150001525878906,20514700,36.820999717712404,43.63199974060058,62.35231012646041
2023-01-13,49.97999954223633,50.630001068115234,45.380001068115234,46.2400016784668,22437800,37.31049976348877,43.365799713134756,65.12125357243644
2023-01-17,54.13999938964844,54.97999954223633,50.70000076293945,53.310001373291016,23521200,38.11849975585938,43.23439971923827,69.28595979411689
2023-01-18,50.209999084472656,57.33000183105469,50.0,54.220001220703125,24905700,38.79899978637696,43.122599716186514,61.78078395592159
2023-01-19,49.41999816894531,51.0,47.91999816894531,49.209999084472656,14073300,39.51149978637696,42.934599685668935,60.365243503136476
2023-01-20,55.15999984741211,55.18999862670898,48.79999923706055,50.380001068115234,15433900,40.52099971771241,42.89839965820312,66.39078812306718
2023-01-23,55.959999084472656,56.68999862670898,53.209999084472656,55.0,17736400,41.56149959564209,43.000999603271474,67.14058255152811
2023-01-24,53.560001373291016,56.470001220703125,53.34000015258789,54.20000076293945,12413900,42.509999656677245,43.15259963989257,62.626708806415856
2023-01-25,52.7599983215332,53.40999984741211,49.59999847412109,51.5,13343600,43.37349948883057,43.18939964294433,61.1508915135436
2023-01-26,53.02000045776367,56.09999847412109,51.970001220703125,56.060001373291016,12614900,44.39199943542481,43.10059967041015,61.468693564881406
2023-01-27,61.369998931884766,62.290000915527344,52.40999984741211,52.93999862670898,24431000,45.833999443054196,43.26359962463378,69.966025903549
2023-01-30,56.15999984741211,61.86000061035156,55.66999816894531,60.0099983215332,14553900,46.90299949645996,43.27619964599609,60.93618560402142
2023-01-31,58.47999954223633,60.43999862670898,55.90999984741211,57.70000076293945,14751600,48.05749950408936,43.46919960021972,63.21297319584267
2023-02-01,65.69999694824219,66.22000122070312,56.650001525878906,59.08000183105469,18840800,49.66249942779541,43.807399520874014,69.22452310064902
2023-02-02,81.45999908447266,85.54000091552734,68.30999755859375,68.45999908447266,43911200,51.85049934387207,44.5313995361328,77.76572026450198
2023-02-03,74.62999725341797,87.62999725341797,73.0199966430664,73.72000122070312,37125500,53.90549926757813,45.199399490356434,68.84798780547835
2023-02-06,74.58999633789062,75.9800033569336,70.5199966430664,73.18000030517578,17998400,55.971999168396,45.823399429321285,68.79822815875748
2023-02-07,71.41999816894531,73.4800033569336,67.30000305175781,73.43000030517578,19819700,57.62949905395508,46.3403993988037,64.80115110543787
2023-02-08,69.44000244140625,73.97000122070312,68.30000305175781,70.83000183105469,11626500,58.939999198913576,46.84359947204588,62.36396382427763
2023-02-09,59.630001068115234,68.93000030517578,59.0,68.48999786376953,23920200,59.731999206542966,47.18599952697752,51.94070502242769
2023-02-10,57.09000015258789,61.7400016784668,55.970001220703125,58.2599983215332,17359900,60.20899925231934,47.46559951782225,49.62786857848125
2023-02-13,56.400001525878906,57.09000015258789,53.65999984741211,55.52000045776367,14435900,60.52999935150146,47.678999557495096,48.98969204916129
2023-02-14,59.02999877929688,61.08000183105469,55.02999877929688,56.33000183105469,23945800,60.77449932098388,47.95419952392576,51.54724946449199
2023-02-15,69.33999633789062,69.45999908447266,59.459999084472656,60.209999084472656,25552900,61.73099918365479,48.38759948730466,60.011532195982426
2023-02-16,65.58999633789062,73.30000305175781,63.90999984741211,65.9000015258789,31704800,62.53949909210204,48.779399414062475,56.168103115973075
2023-02-17,65.19999694824219,67.9000015258789,61.5099983215332,64.94000244140625,23252200,63.041498947143545,49.235199356079086,55.768078075962826
2023-02-21,62.06999969482422,66.87000274658203,61.84999847412109,63.31999969482422,19845700,63.34699897766113,49.651399383544906,52.534335983346836
2023-02-22,61.18000030517578,67.4800033569336,57.34999847412109,62.5,32937500,63.72799892425537,50.018799362182605,51.61779977564938
2023-02-23,62.36000061035156,64.6500015258789,59.88999938964844,63.959999084472656,16698500,64.20799903869629,50.4611993408203,52.793734243852775
2023-02-24,58.43999862670898,61.59000015258789,56.79999923706055,60.880001068115234,14546200,64.47899894714355,50.77799934387206,48.570376893087804
2023-02-27,58.959999084472656,60.970001220703125,58.16999816894531,59.93999862670898,13043000,64.35849895477295,51.18339935302733,49.15148355860399
2023-02-28,64.83000183105469,67.5,59.41999816894531,59.68000030517578,24843900,64.79199905395508,51.676199417114255,55.29252365015382
2023-03-01,64.66999816894531,66.79000091552734,63.09000015258789,65.30000305175781,15827100,65.10149898529053,52.20999938964843,55.09719343653062
2023-03-02,63.70000076293945,63.900001525878906,57.5,61.06999969482422,18091700,65.00149917602539,52.7519994354248,53.85509743956729
2023-03-03,64.51000213623047,65.55999755859375,61.380001068115234,61.63999938964844,17579000,64.15399932861328,53.3387995147705,54.77202017314999
2023-03-06,62.77000045776367,69.81999969482422,62.63999938964844,64.5999984741211,19826100,63.560999488830575,53.894799499511706,52.364899424693455
2023-03-07,61.88999938964844,64.66000366210938,60.59000015258789,62.79999923706055,15821500,62.925999641418464,54.4295994567871,51.14077754883118
2023-03-08,63.0099983215332,65.45999908447266,60.34999847412109,61.20000076293945,15427800,62.505499649047856,54.997999420166,52.65766430168633
2023-03-09,58.09000015258789,64.12000274658203,57.209999084472656,62.38999938964844,20996600,61.93799953460694,55.44999938964843,45.91416503992943
2023-03-10,53.43999862670898,56.40999984741211,51.56999969482422,56.38999938964844,25743800,61.62849941253663,55.86579933166504,40.61957934442139
2023-03-13,59.16999816894531,61.09999847412109,50.77000045776367,54.709999084472656,31431900,61.732499313354495,56.398599319458,48.50046102808278
2023-03-14,62.650001525878906,66.20999908447266,61.09999847412109,65.44999694824219,25167800,62.04499931335449,56.955999374389634,52.61378849102314
2023-03-15,64.47000122070312,66.29000091552734,61.18000030517578,61.900001525878906,20825700,62.3169994354248,57.53759941101074,54.65368565366019
2023-03-16,67.77999877929688,68.62000274658203,63.119998931884766,64.4000015258789,15474500,62.23899955749511,58.221199417114256,58.17970296435597
2023-03-17,74.9800033569336,76.80000305175781,69.0999984741211,70.5199966430664,31006200,62.70849990844726,58.96679946899415,64.6235657564416
2023-03-20,75.13999938964844,77.05999755859375,72.87000274658203,76.76000213623047,19026400,63.205500030517584,59.79899948120118,64.75353359008544
2023-03-21,83.98999786376953,85.05000305175781,75.7699966430664,76.23999786376953,22991900,64.30149993896485,60.8135994720459,71.08212270127726
2023-03-22,77.13999938964844,85.37999725341797,76.86000061035156,84.25,24463200,65.09949989318847,61.5909994506836,61.82849628471941
2023-03-23,66.30000305175781,70.0,61.5099983215332,61.84999847412109,43152800,65.29650001525879,62.052399520874026,50.60203462693486
2023-03-24,67.83000183105469,68.7300033569336,63.52999877929688,64.18000030517578,21614100,65.76600017547607,62.53319953918458,51.92877526680473
2023-03-27,62.540000915527344,67.5999984741211,60.5099983215332,67.19999694824219,23531300,65.9450002670288,62.83299957275391,47.20771744552923
2023-03-28,63.040000915527344,64.05000305175781,61.11000061035156,62.31999969482422,11635900,65.85550022125244,63.09419960021973,47.691778490763255
2023-03-29,65.30000305175781,68.62999725341797,63.77000045776367,65.41999816894531,17673800,65.88700046539307,63.31739967346192,49.926686018000346
2023-03-30,64.16000366210938,67.16999816894531,63.68000030517578,66.52999877929688,11563100,65.91000061035157,63.596399765014645,48.7941862131508
2023-03-31,67.56999969482422,68.56999969482422,63.93000030517578,64.69999694824219,15926600,66.06300048828126,63.959399795532235,52.28101431874442
2023-04-03,63.61000061035156,68.33000183105469,62.70000076293945,66.01000213623047,14040300,66.10500049591064,64.12839981079102,48.17814891269184
2023-04-04,62.540000915527344,65.4000015258789,60.95000076293945,64.66000366210938,11654400,66.1375005722046,64.25999984741212,47.102524377388676
2023-04-05,60.77999877929688,63.04999923706055,59.220001220703125,62.540000915527344,10788900,66.02600059509278,64.40439979553223,45.31058035148312
2023-04-06,61.43999862670898,62.7400016784668,58.20000076293945,59.56999969482422,11875200,66.19350051879884,64.57799980163576,46.138098001610075
2023-04-10,66.12999725341797,66.19000244140625,59.65999984741211,61.369998931884766,14391800,66.82800045013428,64.84019973754883,51.727753302720885
2023-04-11,70.19000244140625,72.61000061035156,67.23999786376953,68.08999633789062,25348800,67.37900066375732,65.01659980773927,55.98601715418467
2023-04-12,67.83999633789062,72.0199966430664,66.2300033569336,70.7699966430664,16773400,67.6385004043579,65.25019973754884,53.06795528853454
2023-04-13,68.94999694824219,72.52999877929688,68.05000305175781,69.88999938964844,19718500,67.86250019073486,65.45959968566895,54.28011259914595
2023-04-14,69.91000366210938,71.69999694824219,67.87000274658203,69.30000305175781,12887200,67.96900043487548,65.54379981994632,55.35411845209094
2023-04-17,67.72000122070312,68.05000305175781,64.9000015258789,67.12000274658203,13344200,67.60600032806397,65.26899986267092,52.33389177042606
2023-04-18,67.26000213623047,71.79000091552734,66.55000305175781,70.38999938964844,14835500,67.21200046539307,65.12159996032717,51.69585983641615
2023-04-19,64.44000244140625,65.94000244140625,63.400001525878906,64.36000061035156,10327000,66.23450069427491,64.91860008239748,47.84487682819501
2023-04-20,60.5,65.33000183105469,60.16999816894531,63.22999954223633,11452900,65.40250072479249,64.70020011901856,43.02267521322553
2023-04-21,59.040000915527344,61.45000076293945,58.709999084472656,61.08000183105469,13235100,65.03950061798096,64.492200088501,41.3591760843813
2023-04-24,54.75,59.09000015258789,54.08000183105469,58.959999084472656,21135700,64.38550052642823,64.39460006713868,36.850416750725046
2023-04-25,55.54999923706055,56.09000015258789,53.619998931884766,55.709999084472656,14383300,64.03600044250489,64.36380004882814,38.20332137391112
2023-04-26,53.88999938964844,59.5099983215332,53.59999847412109,59.5099983215332,16761200,63.57850036621093,64.31360000610353,36.45793371173377
2023-04-27,54.16999816894531,55.720001220703125,53.58000183105469,54.66999816894531,12010900,63.02200012207031,64.2163999938965,36.98092634081959
2023-04-28,53.790000915527344,54.52000045776367,52.16999816894531,53.650001525878906,11629800,62.50349998474121,63.905400085449244,36.54135648441593
2023-05-01,50.13999938964844,54.380001068115234,48.45000076293945,53.16999816894531,18437900,61.63199996948243,63.59640014648439,32.54034709853978
2023-05-02,51.31999969482422,52.13999938964844,48.2599983215332,50.20000076293945,16778400,61.017499923706055,63.318800201416025,35.01751243595111
2023-05-03,48.4900016784668,51.59999847412109,48.310001373291016,50.150001525878906,13325600,60.314999961853026,63.047200241088866,31.984085590544414
2023-05-04,49.220001220703125,50.470001220703125,47.650001525878906,48.720001220703125,13044400,59.73700008392334,62.808000259399414,33.58236527691403
2023-05-05,58.2400016784668,58.58000183105469,53.75,54.04999923706055,25585600,59.57700023651123,62.725600280761725,49.40332629501726
2023-05-08,58.09999847412109,58.79999923706055,54.61000061035156,55.900001525878906,15259400,59.175500297546385,62.71880027770997,49.20739854086241
2023-05-09,60.209999084472656,60.2400016784668,56.59000015258789,57.900001525878906,9641200,58.67650012969972,62.74380027770997,52.279091227761064
2023-05-10,62.63999938964844,63.75,59.88999938964844,61.45000076293945,15481300,58.41650028228761,62.70000022888184,55.60863149288572
2023-05-11,60.34999847412109,63.11000061035156,59.77000045776367,62.40999984741211,8843500,57.98650035858155,62.613600234985356,51.931410779018584
2023-05-12,57.34000015258789,61.130001068115234,56.77000045776367,60.88999938964844,9111000,57.358000183105474,62.48640022277833,47.48650108256482
2023-05-15,60.77000045776367,61.29999923706055,57.20000076293945,58.400001525878906,9429300,57.0105001449585,62.411600189209,52.47809505102051
2023-05-16,57.880001068115234,60.11000061035156,57.13999938964844,58.68000030517578,7867900,56.54150009155274,62.31380020141603,48.31127212868745
2023-05-17,61.040000915527344,61.310001373291016,57.29999923706055,57.4900016784668,8998400,56.371500015258796,62.2968002319336,52.73083119390873
2023-05-18,60.2599983215332,61.70000076293945,58.59999847412109,60.470001220703125,8330300,56.359499931335456,62.2418002319336,51.558957263763105
2023-05-19,56.77999877929688,61.470001220703125,56.59000015258789,60.56999969482422,12520700,56.24649982452394,62.21560020446778,46.58470870120355
2023-05-22,61.06999969482422,61.09999847412109,55.900001525878906,56.88999938964844,12683400,56.562499809265134,62.36820022583009,52.64943745807288
2023-05-23,59.09999847412109,63.25,58.66999816894531,61.0,12208200,56.739999771118164,62.3668002319336,49.850402980553206
2023-05-24,58.36000061035156,58.970001220703125,56.59999847412109,57.77999877929688,8198300,56.96349983215332,62.28100021362306,48.800882678253195
2023-05-25,56.869998931884766,59.13999938964844,55.880001068115234,58.560001373291016,7997400,57.09849987030029,62.12900016784669,46.67027491611849
2023-05-26,56.91999816894531,58.90999984741211,56.630001068115234,56.86000061035156,7788100,57.25499973297118,61.91180015563966,46.75428314122644
2023-05-30,61.16999816894531,63.380001068115234,59.22999954223633,60.09999847412109,14814200,57.806499671936024,61.635600051879905,53.46464218162611
2023-05-31,62.20000076293945,62.59000015258789,59.209999084472656,59.29999923706055,10112600,58.3504997253418,61.37680007934572,54.94655665640275
2023-06-01,63.56999969482422,66.36000061035156,60.66999816894531,61.79999923706055,11729000,59.104499626159665,60.96840011596682,56.91201074582065
2023-06-02,64.55000305175781,65.22000122070312,62.0,65.11000061035156,8630800,59.8709997177124,60.716600189209004,58.31297743879084
2023-06-05,58.709999084472656,64.44000244140625,55.810001373291016,63.380001068115234,26413200,59.89449958801269,60.5648001098633,48.245922098205334
2023-06-06,51.61000061035156,52.380001068115234,46.43000030517578,47.09999847412109,56259900,59.56999969482421,60.24040008544923,39.35132307309929
2023-06-07,53.2599983215332,54.0,51.70000076293945,53.290000915527344,18905500,59.222499656677236,60.05480003356935,42.026220585107374
2023-06-08,54.900001525878906,55.04999923706055,51.959999084472656,52.209999084472656,12773600,58.83549976348877,59.89200004577638,44.639764391038824
2023-06-09,53.27999877929688,57.41999816894531,52.47999954223633,55.0,14394300,58.48199977874756,59.651599960327154,42.59693427622213
2023-06-12,50.560001373291016,52.93000030517578,50.09999847412109,52.52999877929688,12447200,58.14299983978271,59.37959991455079,39.34157087162532
2023-06-13,52.400001525878906,52.65999984741211,50.52000045776367,51.79999923706055,11560800,57.72449989318848,59.07619995117188,42.54058658862501
2023-06-14,53.900001525878906,54.790000915527344,51.560001373291016,52.810001373291016,11241200,57.52549991607666,58.88199996948242,45.083245814163824
2023-06-15,54.25,54.58000183105469,50.93000030517578,52.709999084472656,11801700,57.18599987030029,58.71619995117187,45.687179016413616
2023-06-16,55.59000015258789,56.27999877929688,53.900001525878906,55.40999984741211,13754200,56.95249996185303,58.61239997863769,48.04304777759292
2023-06-20,57.09000015258789,57.93999862670898,53.630001068115234,55.900001525878906,14143500,56.96800003051759,58.52540000915527,50.6248798592211
2023-06-21,58.09999847412109,59.2400016784668,56.81999969482422,58.900001525878906,20569700,56.81949996948243,58.36480003356934,52.342127974992806
2023-06-22,57.4900016784668,59.27999877929688,55.09999847412109,58.97999954223633,12837400,56.73900012969971,58.11080001831055,51.184276021056434
2023-06-23,61.470001220703125,61.88999938964844,55.75,56.84999847412109,26088600,56.89450016021729,57.9834001159668,57.75112408572559
2023-06-26,61.93999862670898,66.16000366210938,61.0,61.09999847412109,20724100,57.148000144958495,57.84320014953614,58.46175243065159
2023-06-27,69.88999938964844,70.37000274658203,62.84000015258789,63.79999923706055,25447400,57.796500205993645,57.84280006408692,68.20394998337882
2023-06-28,70.75,74.30999755859375,69.0,69.0,23086200,58.27550029754638,57.90340003967286,69.04960121019471
2023-06-29,72.43000030517578,74.18000030517578,70.83000183105469,72.02999877929688,14730500,58.7870002746582,58.006800003051765,70.6895700108547
2023-06-30,71.55000305175781,74.97000122070312,68.1500015258789,73.80000305175781,24594000,59.18600044250488,58.14900001525879,68.6379804853013
2023-07-03,79.93000030517578,80.8499984741211,73.01000213623047,73.19999694824219,19891700,59.95500030517577,58.5376000213623,75.83138061609831
2023-07-05,78.3499984741211,79.93000030517578,76.16000366210938,76.9000015258789,14670000,60.93700027465819,58.92379997253418,72.45688955750914
2023-07-06,78.0999984741211,78.45999908447266,74.5199966430664,78.05000305175781,11110400,62.26150016784668,59.3907999420166,71.9116022537898
2023-07-07,78.72000122070312,81.19000244140625,77.62000274658203,78.1500015258789,13275500,63.53450031280517,59.85419998168945,72.46503957671563
2023-07-10,81.20999908447266,81.37000274658203,76.55000305175781,79.08000183105469,10739700,64.85000019073487,60.400599975585926,74.62725507306149
2023-07-11,89.1500015258789,92.1500015258789,80.48999786376953,80.48999786376953,35672100,66.64350032806396,61.1002000427246,80.01615302206031
2023-07-12,85.94999694824219,89.06999969482422,84.44999694824219,89.0,16752300,68.41300010681152,61.7433999633789,73.26264034887257
2023-07-13,107.0,109.20999908447266,83.41999816894531,85.3499984741211,65424400,71.14300003051757,62.88059997558593,83.26732889216387
2023-07-14,105.30999755859376,114.43000030517578,101.22000122070312,106.68000030517578,42266300,73.71349983215332,63.96039993286133,80.65786303390735
2023-07-17,105.5500030517578,109.4800033569336,103.5,104.56999969482422,19191400,76.27849998474122,65.10159996032714,80.75012515381478
2023-07-18,104.58999633789062,109.8499984741211,101.9000015258789,104.5,17567200,78.72849979400637,66.2089998626709,79.12432645049721
2023-07-19,110.1500015258789,111.05999755859376,105.08000183105467,107.30999755859376,15920800,81.38149986267092,67.24719985961913,81.45335369285173
2023-07-20,101.26000213623048,111.87999725341795,100.37000274658205,109.26000213623048,15274600,83.53950004577639,68.11039993286133,68.32716378755701
2023-07-21,100.81999969482422,104.33000183105467,98.70999908447266,102.56999969482422,10481800,85.70599994659426,68.92259994506836,67.74526600299419
2023-07-24,98.8499984741211,100.38999938964844,95.6999969482422,99.2300033569336,9755700,87.57499980926514,69.64679992675782,65.07317408657994
2023-07-25,97.68000030517578,102.58999633789062,97.62999725341795,99.33999633789062,7726000,89.36199989318848,70.39339996337891,63.471930085308
2023-07-26,99.75,101.31999969482422,97.27999877929688,97.37000274658205,6575800,90.85499992370606,71.24159996032716,65.10781761383896
2023-07-27,92.69000244140624,102.7300033569336,91.8000030517578,102.58999633789062,12232300,91.95200004577636,71.88000000000001,55.91090261847427
2023-07-28,94.76000213623048,96.91999816894533,93.5500030517578,94.8000030517578,7228000,93.0685001373291,72.6176000213623,57.793422556318106
2023-07-31,98.61000061035156,100.1999969482422,94.58999633789062,94.75,8493000,94.42150001525877,73.36900001525879,61.11867338618525
2023-08-01,94.1500015258789,95.9499969482422,89.2300033569336,95.87999725341795,11543600,95.13250007629394,74.0468000793457,55.6490098570249
2023-08-02,90.43000030517578,95.41000366210938,88.05000305175781,91.4499969482422,10666200,95.73650016784669,74.71980010986327,51.5084579224986
2023-08-03,90.75,93.44000244140624,88.45999908447266,89.0,10297200,96.36900024414062,75.31340011596679,51.84040950651194
2023-08-04,87.30999755859375,94.29000091552734,86.69999694824219,89.0,13219600,96.79850006103516,75.87760009765624,48.033708733119
2023-08-07,85.95999908447266,87.30000305175781,82.08999633789062,87.19999694824219,10019500,97.03600006103515,76.42960006713867,46.58789413014581
2023-08-08,88.04000091552734,88.98999786376953,84.55000305175781,87.08999633789062,8986900,96.98050003051756,77.05300010681152,49.128605061741865
2023-08-09,84.33999633789062,88.9000015258789,84.08000183105469,88.52999877929688,7987100,96.89999999999999,77.60140007019044,45.025632568223074
2023-08-10,83.38999938964844,88.48999786376953,82.51000213623047,85.0,7697600,95.71949996948243,78.04580009460449,44.0093516414713
2023-08-11,81.01000213623047,83.4800033569336,80.47000122070312,82.05999755859375,5791100,94.50450019836425,78.42200012207032,41.483168669570546
2023-08-14,80.80999755859375,81.98999786376953,78.91000366210938,80.04000091552734,5753500,93.26749992370605,78.76680007934571,41.26878599260992
2023-08-15,79.18000030517578,83.0999984741211,79.11000061035156,81.1500015258789,7397300,91.99700012207032,79.05940002441407,39.47815445478841
2023-08-16,79.0,82.8499984741211,77.80000305175781,82.51000213623047,10140200,90.43950004577638,79.46520004272462,39.27549017855098
2023-08-17,75.55999755859375,79.18000030517578,75.4000015258789,78.37999725341797,9261600,89.15449981689454,79.94419998168947,35.5223698798954
2023-08-18,73.19000244140625,75.25,72.25,72.33999633789062,10011800,87.77299995422365,80.34280006408692,33.17058605227582
2023-08-21,75.27999877929688,76.02999877929688,72.0999984741211,73.25,7514900,86.59449996948244,80.75040000915527,37.12392154816427
2023-08-22,74.9000015258789,77.45999908447266,74.0199966430664,76.69000244140625,6322000,85.4555000305176,81.1828000640869,36.69884414272602
2023-08-23,77.77999877929688,78.16999816894531,74.06999969482422,74.3499984741211,6460900,84.35699996948243,81.72720001220702,42.109133856400945
2023-08-24,73.66000366210938,78.04000091552734,73.37999725341797,77.76000213623047,5585700,83.40550003051759,82.15240005493162,37.2096156418132
2023-08-25,74.26000213623047,75.58999633789062,72.41000366210938,74.31999969482422,5136800,82.38050003051758,82.55960006713866,38.33488054405347
2023-08-28,73.70999908447266,74.70999908447266,73.05000305175781,74.56999969482422,4043800,81.13549995422363,82.9488000488281,37.668473936837046
2023-08-29,84.69999694824219,86.26000213623047,73.16999816894531,73.5,24067300,80.6629997253418,83.5309999847412,54.637569288224306
2023-08-30,83.83000183105469,86.5,82.56999969482422,83.55999755859375,9448000,80.33299980163575,84.06580001831054,53.39825380384225
2023-08-31,79.5999984741211,84.56999969482422,78.9000015258789,84.43000030517578,8466400,79.77549972534182,84.49580001831053,47.72951895953687
2023-09-01,77.98999786376953,80.3499984741211,77.1500015258789,80.0,6676500,79.3094997406006,84.90579994201659,45.73922202755102
2023-09-05,77.5,79.29000091552734,76.27999877929688,78.0,4949000,78.88649978637696,85.22639991760254,45.12251773709058
2023-09-06,78.04000091552734,79.97000122070312,76.75,77.37999725341797,6636200,78.38649978637696,85.54839996337888,45.98683427198878
2023-09-07,81.79000091552734,82.06999969482422,75.45999908447266,76.2699966430664,6424000,78.25900001525878,85.78639999389647,51.678513125885964
2023-09-08,82.08999633789062,82.69000244140625,80.3499984741211,81.63999938964844,5680600,78.19399986267089,86.01319992065429,52.11324770221666
2023-09-11,80.62000274658203,83.19999694824219,77.79000091552734,82.0,7220700,78.17449989318847,86.17699996948241,49.75128158604091
2023-09-12,81.31999969482422,86.36000061035156,80.54000091552734,82.0199966430664,10519300,78.2,86.37239990234374,50.8926796947836
2023-09-13,79.86000061035156,83.1500015258789,79.62000274658203,81.88999938964844,5925700,78.2340000152588,86.37099990844726,48.42211065339981
2023-09-14,83.44999694824219,84.0999984741211,81.26000213623047,81.66999816894531,7145100,78.4564998626709,86.4729998779297,54.297153421402335
2023-09-15,82.1500015258789,83.31999969482422,79.94999694824219,82.73999786376953,6272300,78.78600006103515,86.55399993896485,51.98784579774132
2023-09-18,81.61000061035156,84.3499984741211,81.22000122070312,83.80000305175781,6246700,79.20699996948242,86.61179992675781,51.017204552039026
2023-09-19,78.12999725341797,82.4000015258789,77.7699966430664,82.1500015258789,7567400,79.34949989318848,86.55019989013671,45.164889210993216
2023-09-20,76.66999816894531,80.58999633789062,76.55999755859375,78.62000274658203,5459200,79.43799972534181,86.30059982299805,42.93940417256373
2023-09-21,74.41999816894531,75.19000244140625,72.86000061035156,74.37999725341797,6534800,79.26999969482424,86.06999984741212,39.693347665003316
2023-09-22,70.95999908447266,75.94999694824219,70.80999755859375,75.48999786376953,6321600,79.13499946594239,85.34919982910158,35.27694033874668
2023-09-25,71.75,72.36000061035156,69.62999725341797,69.91000366210938,5057500,79.00949935913086,84.67799987792971,37.00049408645369
2023-09-26,70.5199966430664,73.08999633789062,69.70999908447266,71.73999786376953,5168200,78.84999923706056,83.97739974975588,35.4190073199128
2023-09-27,71.5199966430664,73.4800033569336,69.94999694824219,72.72000122070312,5324600,78.19099922180176,83.3159997558594,37.74862872434756
2023-09-28,75.16000366210938,77.12999725341797,71.51000213623047,72.58999633789062,8252400,77.75749931335449,82.61619979858399,45.460794295405336
2023-09-29,75.08000183105469,77.5,74.56999969482422,76.75,5747200,77.53149948120117,82.0925997924805,45.32787892412899
2023-10-02,75.30999755859375,79.94999694824219,74.4000015258789,78.55000305175781,9709300,77.39749946594237,81.5823997497559,45.818329338938234
2023-10-03,72.4800033569336,75.6500015258789,71.75,74.33999633789062,5815500,77.14649963378906,81.05499984741213,40.95046485359812
2023-10-04,73.47000122070312,74.11000061035156,70.41000366210938,73.19999694824219,7613700,76.91799964904784,80.57079986572268,43.222972116122975
2023-10-05,74.62000274658203,75.4800033569336,72.0999984741211,73.52999877929688,6229300,76.55949974060059,80.0681999206543,45.8308638000751
2023-10-06,78.45999908447266,78.94999694824219,72.31999969482422,72.47000122070312,7931300,76.37799987792968,79.78359985351561,53.50971391245885
2023-10-09,79.0999984741211,80.05999755859375,76.5,76.54000091552734,5631300,76.30199966430662,79.47039978027342,54.66324200071555
2023-10-10,79.62000274658203,82.06999969482422,77.97000122070312,79.0,5645100,76.21699981689453,79.09059982299804,55.62662820174203
2023-10-11,77.3499984741211,80.48999786376953,75.5999984741211,79.2699966430664,6474100,76.091499710083,78.7545997619629,50.57437686813263
2023-10-12,75.19000244140625,77.18000030517578,74.44999694824219,77.04000091552734,5338600,75.67849998474121,78.4497998046875,46.26816449629058
2023-10-13,73.43000030517578,75.19000244140625,72.0999984741211,75.0,6148400,75.24249992370605,78.10339981079102,43.05155271539572
2023-10-16,75.20999908447266,79.30000305175781,73.36000061035156,77.61000061035156,12608600,74.92249984741211,77.86139984130858,47.06013154059705
2023-10-17,77.45999908447266,79.12000274658203,74.5,74.80000305175781,7459500,74.88899993896486,77.6913998413086,51.68926481242764
2023-10-18,73.93000030517578,78.37999725341797,73.77999877929688,76.87999725341797,5123400,74.75200004577638,77.40919982910158,45.03575242429975
2023-10-19,73.0999984741211,76.16999816894531,72.72000122070312,74.27999877929688,5391200,74.68600006103517,77.18439987182619,43.614184708947974
2023-10-20,74.66000366210938,76.76000213623047,73.5,74.63999938964844,8423300,74.871000289917,77.0097999572754,47.00039875226434
2023-10-23,77.20999908447266,80.7300033569336,72.41999816894531,75.5,13635700,75.14400024414063,76.93379989624026,52.06763804675068
2023-10-24,82.06999969482422,89.4000015258789,80.88999938964844,83.29000091552734,23689500,75.72150039672852,76.95899993896487,59.930707205437464
2023-10-25,77.79000091552734,84.08999633789062,77.4000015258789,83.51000213623047,13773200,76.03500061035156,76.93119995117189,51.86199076117215
2023-10-26,74.61000061035156,79.16000366210938,73.1500015258789,77.19999694824219,8294500,76.00750045776367,76.84339996337894,46.818400229897414
2023-10-27,70.77999877929688,76.5,70.41999816894531,76.44999694824219,9010600,75.79250030517579,76.74779998779299,41.57428817919834
2023-10-30,73.5999984741211,74.08000183105469,71.87999725341797,72.05000305175781,6454600,75.70700035095216,76.7559999084473,46.34013149272558
2023-10-31,77.12000274658203,77.47000122070312,73.55999755859375,73.5999984741211,6334600,75.93900032043457,76.792799987793,51.64259345271917
2023-11-01,77.80999755859375,79.41000366210938,75.87000274658203,77.41999816894531,6878600,76.1560001373291,76.85099990844729,52.630718867463465
2023-11-02,84.5999984741211,84.80000305175781,80.80999755859375,81.70999908447266,12596200,76.65499992370606,76.98739990234378,61.06260370855405
2023-11-03,85.80000305175781,88.33999633789062,82.05000305175781,83.79000091552734,12193500,77.02200012207031,77.23019989013673,62.338522346444634
2023-11-06,86.37000274658203,89.2699966430664,84.08999633789062,86.81999969482422,9881900,77.38550033569337,77.47239990234377,62.95940627348471
2023-11-07,89.06999969482422,89.48999786376953,84.30000305175781,86.19999694824219,6762300,77.85800018310547,77.7795999145508,65.83280394138951
2023-11-08,88.31999969482422,89.1500015258789,84.69000244140625,88.80000305175781,7286000,78.40650024414062,77.85199996948243,64.33973541861742
2023-11-09,92.86000061035156,99.81999969482422,91.37000274658205,92.9000015258789,20941400,79.2900001525879,78.03259994506836,68.9329502646476
2023-11-10,92.91999816894533,96.22000122070312,91.8000030517578,94.4000015258789,9827900,80.26450004577637,78.29899993896484,68.98979616392022
2023-11-13,92.63999938964844,93.2699966430664,88.62000274658203,91.77999877929688,8860400,81.13600006103518,78.5919999694824,68.36113642899676
2023-11-14,92.08999633789062,95.31999969482422,89.79000091552734,94.91000366210938,10137700,81.86749992370606,78.88379989624022,67.0683054168998
2023-11-15,98.1500015258789,100.1500015258789,93.06999969482422,93.91999816894533,11968900,83.07849998474123,79.28599990844725,73.1038355112196
2023-11-16,96.91999816894533,97.88999938964844,94.4499969482422,97.68000030517578,7073800,84.26949996948244,79.58859985351562,70.28804220886309
2023-11-17,99.0500030517578,99.43000030517578,94.9000015258789,97.0,7361800,85.48899993896485,79.92779998779297,72.27928416594251
2023-11-20,106.0999984741211,106.45999908447266,100.01000213623048,100.70999908447266,10962900,86.93349990844727,80.43739990234374,77.62443231701818
2023-11-21,105.48999786376952,106.05999755859376,101.33999633789062,104.0,9348200,88.10449981689453,80.92079986572266,76.2543519016866
2023-11-22,109.25,109.98999786376952,103.36000061035156,106.16999816894533,10340100,89.67749977111816,81.50859985351562,78.74468618834335
2023-11-24,115.54000091552734,116.94000244140624,107.9800033569336,108.4499969482422,11654600,91.72399978637695,82.15039993286133,82.12244766944752
2023-11-27,119.7699966430664,121.45999908447266,112.18000030517578,112.58000183105467,14205900,94.17349967956542,82.90279983520507,83.96760638072553
2023-11-28,128.27000427246094,129.25999450683594,119.6999969482422,122.0500030517578,17639100,96.90699996948243,83.83599990844725,86.89470051893177
2023-11-29,127.81999969482422,131.4199981689453,126.3000030517578,127.81999969482422,13908800,99.44199981689454,84.8297999572754,85.99950770405502
2023-11-30,124.72000122070312,127.13999938964844,118.4000015258789,126.05999755859376,14074000,101.78750000000002,85.79080001831055,79.89341342676367
2023-12-01,133.75999450683594,134.3300018310547,125.87999725341795,126.38999938964844,13693500,104.24549980163575,86.97759994506836,83.55930091751212
2023-12-04,141.08999633789062,146.3000030517578,137.60000610351562,143.52999877929688,21561900,107.0099994659424,88.38019989013672,85.81728474069537
2023-12-05,140.1999969482422,147.86000061035156,139.17999267578125,140.0,18303400,109.7014991760254,89.74919982910157,84.3033207802428
2023-12-06,134.6300048828125,143.44000244140625,134.1199951171875,142.5,12584400,111.9794994354248,91.03139999389651,75.3446654600746
2023-12-07,136.19000244140625,138.47999572753906,130.1699981689453,131.02000427246094,9795700,114.37299957275391,92.3248001098633,76.11037063622062
2023-12-08,146.6199951171875,146.74000549316406,135.85000610351562,136.19000244140625,12023600,117.06099929809571,93.75399993896487,80.4761428526017
2023-12-11,138.02000427246094,142.8699951171875,135.99000549316406,141.5,12160400,119.3159996032715,95.012799987793,69.24021955270987
2023-12-12,139.6199951171875,141.75,135.99000549316406,139.88999938964844,8303500,121.66499938964846,96.29899993896487,70.07726134935811
2023-12-13,150.4600067138672,150.64999389648438,137.14999389648438,139.6199951171875,12514900,124.58349990844728,97.85860000610354,75.03413132962045
2023-12-14,153.6300048828125,154.74000549316406,149.10000610351562,152.10000610351562,12095100,127.35750007629395,99.46180007934574,76.27201814547773
2023-12-15,147.89999389648438,151.9199981689453,146.83999633789062,151.80999755859375,11802300,129.9064998626709,100.9273999023438,69.55828255959587
2023-12-18,153.42999267578125,155.00999450683594,144.0,144.80999755859375,9959900,132.62549934387206,102.42679977416996,72.10983416178766
2023-12-19,161.16000366210938,162.08999633789062,153.61000061035156,155.5,13906800,135.3784996032715,104.06799987792971,75.23461810202666
2023-12-20,161.86000061035156,169.47999572753906,160.07000732421875,164.72999572753906,16021900,138.1969997406006,105.71279983520509,75.50228532197427
2023-12-21,168.02999877929688,170.1699981689453,163.10000610351562,166.7100067138672,12081500,141.13599967956543,107.52639984130862,77.78175339385213
2023-12-22,175.47999572753906,178.6999969482422,167.89999389648438,169.77000427246094,15832900,144.132999420166,109.53219970703127,80.17986944169606
2023-12-26,172.0500030517578,178.1199951171875,169.0500030517578,174.8000030517578,12544800,146.74699974060056,111.5045997619629,76.10694384597589
2023-12-27,185.2400054931641,186.97000122070312,175.5,176.32000732421875,15569900,149.59549980163573,113.70519989013673,80.25965904869265
2023-12-28,186.3600006103516,187.38999938964844,177.75,179.30999755859375,17276300,152.52249984741206,115.8831999206543,80.5684914783335
2023-12-29,173.9199981689453,187.25,171.0,186.05999755859372,19724400,154.9824996948242,117.88299987792969,67.8679558536718
